Workbook

Sheet Dex
A1: Pokemon | B1: Name in file | C1: Sprite
A2: None | B2: none | C2: =(IMAGE("https://gcdn.thunderstore.io/live/repository/icons/UnknownMystery-MysteryModpack-1.0.0.png.128x128_q95.png", 1))
A3: Bulbasaur | B3: bulbasaur | C3: =(IMAGE("https://play.pokemonshowdown.com/sprites/gen5/"&B3&".png", 3))
A4: Ivysaur | B4: ivysaur | C4: =(IMAGE("https://play.pokemonshowdown.com/sprites/gen5/"&B4&".png", 3))
A5: Venusaur | B5: =LOWER(A5) -> venusaur | C5: =(IMAGE("https://play.pokemonshowdown.com/sprites/gen5/"&B5&".png", 3))
A6: Venusaur-Gmax | B6: =LOWER(A6) -> venusaur-gmax | C6: =(IMAGE("https://play.pokemonshowdown.com/sprites/gen5/"&B6&".png", 3))
A7: Venusaur-Mega | B7: =LOWER(A7) -> venusaur-mega | C7: =(IMAGE("https://play.pokemonshowdown.com/sprites/gen5/"&B7&".png", 3))
A8: Charmander | B8: =LOWER(A8) -> charmander | C8: =(IMAGE("https://play.pokemonshowdown.com/sprites/gen5/"&B8&".png", 3))
A9: Charmeleon | B9: charmeleon | C9: =(IMAGE("https://play.pokemonshowdown.com/sprites/gen5/"&B9&".png", 3))
A10: Charizard | B10: charizard | C10: =(IMAGE("https://play.pokemonshowdown.com/sprites/gen5/"&B10&".png", 3))
A11: Charizard-Gmax | B11: =LOWER(A11) -> charizard-gmax | C11: =(IMAGE("https://play.pokemonshowdown.com/sprites/gen5/"&B11&".png", 3))
A12: Charizard-Mega-X | B12: charizard-megax | C12: =(IMAGE("https://play.pokemonshowdown.com/sprites/gen5/"&B12&".png", 3))
A13: Charizard-Mega-Y | B13: charizard-megay | C13: =(IMAGE("https://play.pokemonshowdown.com/sprites/gen5/"&B13&".png", 3))
A14: Squirtle | B14: =LOWER(A14) -> squirtle | C14: =(IMAGE("https://play.pokemonshowdown.com/sprites/gen5/"&B14&".png", 3))
A15: Wartortle | B15: =LOWER(A15) -> wartortle | C15: =(IMAGE("https://play.pokemonshowdown.com/sprites/gen5/"&B15&".png", 3))
A16: Blastoise | B16: =LOWER(A16) -> blastoise | C16: =(IMAGE("https://play.pokemonshowdown.com/sprites/gen5/"&B16&".png", 3))
A17: Blastoise-Gmax | B17: =LOWER(A17) -> blastoise-gmax | C17: =(IMAGE("https://play.pokemonshowdown.com/sprites/gen5/"&B17&".png", 3))
A18: Blastoise-Mega | B18: =LOWER(A18) -> blastoise-mega | C18: =(IMAGE("https://play.pokemonshowdown.com/sprites/gen5/"&B18&".png", 3))
A19: Caterpie | B19: =LOWER(A19) -> caterpie | C19: =(IMAGE("https://play.pokemonshowdown.com/sprites/gen5/"&B19&".png", 3))
A20: Metapod | B20: =LOWER(A20) -> metapod | C20: =(IMAGE("https://play.pokemonshowdown.com/sprites/gen5/"&B20&".png", 3))
A21: Butterfree | B21: =LOWER(A21) -> butterfree | C21: =(IMAGE("https://play.pokemonshowdown.com/sprites/gen5/"&B21&".png", 3))
A22: Butterfree-Gmax | B22: =LOWER(A22) -> butterfree-gmax | C22: =(IMAGE("https://play.pokemonshowdown.com/sprites/gen5/"&B22&".png", 3))
A23: Weedle | B23: =LOWER(A23) -> weedle | C23: =(IMAGE("https://play.pokemonshowdown.com/sprites/gen5/"&B23&".png", 3))
A24: Kakuna | B24: =LOWER(A24) -> kakuna | C24: =(IMAGE("https://play.pokemonshowdown.com/sprites/gen5/"&B24&".png", 3))
A25: Beedrill | B25: =LOWER(A25) -> beedrill | C25: =(IMAGE("https://play.pokemonshowdown.com/sprites/gen5/"&B25&".png", 3))
... A39: Pikachu | B39: =LOWER(A39) -> pikachu | C39: =(IMAGE("https://play.pokemonshowdown.com/sprites/gen5/"&B39&".png", 3))
A40: Pikachu-Partner | B40: pikachu-partner | C40: =(IMAGE("https://play.pokemonshowdown.com/sprites/gen5/"&B40&".png", 3))
A41: Pikachu-Gmax | B41: =LOWER(A41) -> pikachu-gmax | C41: =(IMAGE("https://play.pokemonshowdown.com/sprites/gen5/"&B41&".png", 3))
A42: Raichu | B42: =LOWER(A42) -> raichu | C42: =(IMAGE("https://play.pokemonshowdown.com/sprites/gen5/"&B42&".png", 3))
A43: Raichu-Mega-X | B43: raichu-megax | C43: =(IMAGE("https://pokedoku-space.nyc3.cdn.digitaloceanspaces.com/resources/pokemon/10304.png", 3))
A44: Raichu-Mega-Y | B44: raichu-megay | C44: =(IMAGE("https://pokedoku-space.nyc3.cdn.digitaloceanspaces.com/resources/pokemon/10305.png", 3))
A45: Raichu-Alola | B45: =LOWER(A45) -> raichu-alola | C45: =(IMAGE("https://play.pokemonshowdown.com/sprites/gen5/"&B45&".png", 3))
A46: Sandshrew | B46: =LOWER(A46) -> sandshrew | C46: =(IMAGE("https://play.pokemonshowdown.com/sprites/gen5/"&B46&".png", 3))
A47: Sandshrew-Alola | B47: =LOWER(A47) -> sandshrew-alola | C47: =(IMAGE("https://play.pokemonshowdown.com/sprites/gen5/"&B47&".png", 3))
A48: Sandslash | B48: =LOWER(A48) -> sandslash | C48: =(IMAGE("https://play.pokemonshowdown.com/sprites/gen5/"&B48&".png", 3))
A49: Sandslash-Alola | B49: =LOWER(A49) -> sandslash-alola | C49: =(IMAGE("https://play.pokemonshowdown.com/sprites/gen5/"&B49&".png", 3))
A50: Nidoran-F | B50: nidoranf | C50: =(IMAGE("https://play.pokemonshowdown.com/sprites/gen5/"&B50&".png", 3))
A51: Nidorina | B51: =LOWER(A51) -> nidorina | C51: =(IMAGE("https://play.pokemonshowdown.com/sprites/gen5/"&B51&".png", 3))
A52: Nidoqueen | B52: =LOWER(A52) -> nidoqueen | C52: =(IMAGE("https://play.pokemonshowdown.com/sprites/gen5/"&B52&".png", 3))
A53: Nidoran-M | B53: nidoranm | C53: =(IMAGE("https://play.pokemonshowdown.com/sprites/gen5/"&B53&".png", 3))
A54: Nidorino | B54: =LOWER(A54) -> nidorino | C54: =(IMAGE("https://play.pokemonshowdown.com/sprites/gen5/"&B54&".png", 3))
A55: Nidoking | B55: =LOWER(A55) -> nidoking | C55: =(IMAGE("https://play.pokemonshowdown.com/sprites/gen5/"&B55&".png", 3))
A56: Clefairy | B56: =LOWER(A56) -> clefairy | C56: =(IMAGE("https://play.pokemonshowdown.com/sprites/gen5/"&B56&".png", 3))
A57: Clefable | B57: =LOWER(A57) -> clefable | C57: =(IMAGE("https://play.pokemonshowdown.com/sprites/gen5/"&B57&".png", 3))
A58: Clefable-Mega | B58: clefable-mega | C58: =(IMAGE("https://pokedoku-space.nyc3.cdn.digitaloceanspaces.com/resources/pokemon/10278.png", 3))
A59: Vulpix | B59: =LOWER(A59) -> vulpix | C59: =(IMAGE("https://play.pokemonshowdown.com/sprites/gen5/"&B59&".png", 3))
A60: Vulpix-Alola | B60: =LOWER(A60) -> vulpix-alola | C60: =(IMAGE("https://play.pokemonshowdown.com/sprites/gen5/"&B60&".png", 3))
A61: Ninetales | B61: =LOWER(A61) -> ninetales | C61: =(IMAGE("https://play.pokemonshowdown.com/sprites/gen5/"&B61&".png", 3))
A62: Ninetales-Alola | B62: =LOWER(A62) -> ninetales-alola | C62: =(IMAGE("https://play.pokemonshowdown.com/sprites/gen5/"&B62&".png", 3))
A63: Jigglypuff | B63: =LOWER(A63) -> jigglypuff | C63: =(IMAGE("https://play.pokemonshowdown.com/sprites/gen5/"&B63&".png", 3))
A64: Wigglytuff | B64: =LOWER(A64) -> wigglytuff | C64: =(IMAGE("https://play.pokemonshowdown.com/sprites/gen5/"&B64&".png", 3))
A65: Zubat | B65: =LOWER(A65) -> zubat | C65: =(IMAGE("https://play.pokemonshowdown.com/sprites/gen5/"&B65&".png", 3))
A66: Golbat | B66: =LOWER(A66) -> golbat | C66: =(IMAGE("https://play.pokemonshowdown.com/sprites/gen5/"&B66&".png", 3))
A67: Oddish | B67: =LOWER(A67) -> oddish | C67: =(IMAGE("https://play.pokemonshowdown.com/sprites/gen5/"&B67&".png", 3))
A68: Gloom | B68: =LOWER(A68) -> gloom | C68: =(IMAGE("https://play.pokemonshowdown.com/sprites/gen5/"&B68&".png", 3))
A69: Vileplume | B69: =LOWER(A69) -> vileplume | C69: =(IMAGE("https://play.pokemonshowdown.com/sprites/gen5/"&B69&".png", 3))
A70: Paras | B70: =LOWER(A70) -> paras | C70: =(IMAGE("https://play.pokemonshowdown.com/sprites/gen5/"&B70&".png", 3))
... A105: Victreebel | B105: =LOWER(A105) -> victreebel | C105: =(IMAGE("https://play.pokemonshowdown.com/sprites/gen5/"&B105&".png", 3))
A106: Victreebel-Mega | B106: victreebel-mega | C106: =(IMAGE("https://play.pokemonshowdown.com/sprites/gen5/"&B106&".png", 3))
A107: Tentacool | B107: =LOWER(A107) -> tentacool | C107: =(IMAGE("https://play.pokemonshowdown.com/sprites/gen5/"&B107&".png", 3))
A108: Tentacruel | B108: =LOWER(A108) -> tentacruel | C108: =(IMAGE("https://play.pokemonshowdown.com/sprites/gen5/"&B108&".png", 3))
A109: Geodude | B109: =LOWER(A109) -> geodude | C109: =(IMAGE("https://play.pokemonshowdown.com/sprites/gen5/"&B109&".png", 3))
A110: Geodude-Alola | B110: =LOWER(A110) -> geodude-alola | C110: =(IMAGE("https://play.pokemonshowdown.com/sprites/gen5/"&B110&".png", 3))
A111: Graveler | B111: =LOWER(A111) -> graveler | C111: =(IMAGE("https://play.pokemonshowdown.com/sprites/gen5/"&B111&".png", 3))
A112: Graveler-Alola | B112: =LOWER(A112) -> graveler-alola | C112: =(IMAGE("https://play.pokemonshowdown.com/sprites/gen5/"&B112&".png", 3))
A113: Golem | B113: =LOWER(A113) -> golem | C113: =(IMAGE("https://play.pokemonshowdown.com/sprites/gen5/"&B113&".png", 3))
A114: Golem-Alola | B114: =LOWER(A114) -> golem-alola | C114: =(IMAGE("https://play.pokemonshowdown.com/sprites/gen5/"&B114&".png", 3))
A115: Ponyta | B115: =LOWER(A115) -> ponyta | C115: =(IMAGE("https://play.pokemonshowdown.com/sprites/gen5/"&B115&".png", 3))
A116: Ponyta-Galar | B116: =LOWER(A116) -> ponyta-galar | C116: =(IMAGE("https://play.pokemonshowdown.com/sprites/gen5/"&B116&".png", 3))
A117: Rapidash | B117: =LOWER(A117) -> rapidash | C117: =(IMAGE("https://play.pokemonshowdown.com/sprites/gen5/"&B117&".png", 3))
A118: Rapidash-Galar | B118: =LOWER(A118) -> rapidash-galar | C118: =(IMAGE("https://play.pokemonshowdown.com/sprites/gen5/"&B118&".png", 3))
... A125: Magneton | B125: =LOWER(A125) -> magneton | C125: =(IMAGE("https://play.pokemonshowdown.com/sprites/gen5/"&B125&".png", 3))
A126: Farfetch’d | B126: farfetchd | C126: =(IMAGE("https://play.pokemonshowdown.com/sprites/gen5/"&B126&".png", 3))
A127: Farfetch’d-Galar | B127: farfetchd-galar | C127: =(IMAGE("https://play.pokemonshowdown.com/sprites/gen5/"&B127&".png", 3))
A128: Doduo | B128: =LOWER(A128) -> doduo | C128: =(IMAGE("https://play.pokemonshowdown.com/sprites/gen5/"&B128&".png", 3))
A129: Dodrio | B129: =LOWER(A129) -> dodrio | C129: =(IMAGE("https://play.pokemonshowdown.com/sprites/gen5/"&B129&".png", 3))
A130: Seel | B130: =LOWER(A130) -> seel | C130: =(IMAGE("https://play.pokemonshowdown.com/sprites/gen5/"&B130&".png", 3))
A131: Dewgong | B131: =LOWER(A131) -> dewgong | C131: =(IMAGE("https://play.pokemonshowdown.com/sprites/gen5/"&B131&".png", 3))
A132: Grimer | B132: =LOWER(A132) -> grimer | C132: =(IMAGE("https://play.pokemonshowdown.com/sprites/gen5/"&B132&".png", 3))
A133: Grimer-Alola | B133: =LOWER(A133) -> grimer-alola | C133: =(IMAGE("https://play.pokemonshowdown.com/sprites/gen5/"&B133&".png", 3))
A134: Muk | B134: =LOWER(A134) -> muk | C134: =(IMAGE("https://play.pokemonshowdown.com/sprites/gen5/"&B134&".png", 3))
A135: Muk-Alola | B135: =LOWER(A135) -> muk-alola | C135: =(IMAGE("https://play.pokemonshowdown.com/sprites/gen5/"&B135&".png", 3))
A136: Shellder | B136: =LOWER(A136) -> shellder | C136: =(IMAGE("https://play.pokemonshowdown.com/sprites/gen5/"&B136&".png", 3))
A137: Cloyster | B137: =LOWER(A137) -> cloyster | C137: =(IMAGE("https://play.pokemonshowdown.com/sprites/gen5/"&B137&".png", 3))
A138: Gastly | B138: =LOWER(A138) -> gastly | C138: =(IMAGE("https://play.pokemonshowdown.com/sprites/gen5/"&B138&".png", 3))
A139: Haunter | B139: =LOWER(A139) -> haunter | C139: =(IMAGE("https://play.pokemonshowdown.com/sprites/gen5/"&B139&".png", 3))
... A176: Starmie | B176: =LOWER(A176) -> starmie | C176: =(IMAGE("https://play.pokemonshowdown.com/sprites/gen5/"&B176&".png", 3))
A177: Starmie-Mega | B177: starmie-mega | C177: =(IMAGE("https://pokedoku-space.nyc3.cdn.digitaloceanspaces.com/resources/pokemon/10280.png", 3))
A178: Mr. Mime | B178: mrmime | C178: =(IMAGE("https://play.pokemonshowdown.com/sprites/gen5/"&B178&".png", 3))
A179: Mr. Mime-Galar | B179: mrmime-galar | C179: =(IMAGE("https://play.pokemonshowdown.com/sprites/gen5/"&B179&".png", 3))
A180: Scyther | B180: =LOWER(A180) -> scyther | C180: =(IMAGE("https://play.pokemonshowdown.com/sprites/gen5/"&B180&".png", 3))
A181: Jynx | B181: =LOWER(A181) -> jynx | C181: =(IMAGE("https://play.pokemonshowdown.com/sprites/gen5/"&B181&".png", 3))
A182: Electabuzz | B182: =LOWER(A182) -> electabuzz | C182: =(IMAGE("https://play.pokemonshowdown.com/sprites/gen5/"&B182&".png", 3))
A183: Magmar | B183: =LOWER(A183) -> magmar | C183: =(IMAGE("https://play.pokemonshowdown.com/sprites/gen5/"&B183&".png", 3))
A184: Pinsir | B184: =LOWER(A184) -> pinsir | C184: =(IMAGE("https://play.pokemonshowdown.com/sprites/gen5/"&B184&".png", 3))
A185: Pinsir-Mega | B185: =LOWER(A185) -> pinsir-mega | C185: =(IMAGE("https://play.pokemonshowdown.com/sprites/gen5/"&B185&".png", 3))
A186: Tauros | B186: =LOWER(A186) -> tauros | C186: =(IMAGE("https://play.pokemonshowdown.com/sprites/gen5/"&B186&".png", 3))
A187: Tauros-Paldea | B187: tauros-paldeacombat | C187: =(IMAGE("https://pokedoku-space.nyc3.cdn.digitaloceanspaces.com/resources/pokemon/10250.png", 3))
A188: Tauros-Paldea-Blaze | B188: tauros-paldeablaze | C188: =(IMAGE("https://pokedoku-space.nyc3.cdn.digitaloceanspaces.com/resources/pokemon/10251.png", 3))
A189: Tauros-Paldea-Aqua | B189: tauros-paldeaaqua | C189: =(IMAGE("https://pokedoku-space.nyc3.cdn.digitaloceanspaces.com/resources/pokemon/10252.png", 3))
...

Sheet Sprites
A1: TRAINER_PIC_AQUA_ADMIN_F
A2: TRAINER_PIC_AQUA_ADMIN_M
A3: TRAINER_PIC_AQUA_GRUNT_F
A4: TRAINER_PIC_AQUA_GRUNT_M
A5: TRAINER_PIC_AQUA_LEADER_ARCHIE
A6: TRAINER_PIC_GRETA
A7: TRAINER_PIC_AROMA_LADY
A8: TRAINER_PIC_BATTLE_GIRL
A9: TRAINER_PIC_BEAUTY
A10: TRAINER_PIC_BIRD_KEEPER
A11: TRAINER_PIC_BLACK_BELT
A12: TRAINER_PIC_BRENDAN
... A108: TRAINER_PIC_CLAIR

Sheet Roxanne Split
A2: Route 103
A3: Name | B3: Route 103 Rival
A4: Pokémon | B4: {=iferror(VLOOKUP(INDIRECT(ADDRESS(ROW()+1,COLUMN(), 4)),Dex!$A$2:$C262,3,false),"")} | C4: {=iferror(VLOOKUP(INDIRECT(ADDRESS(ROW()+1,COLUMN(), 4)),Dex!$A$2:$C262,3,false),"")} | D4: {=iferror(VLOOKUP(INDIRECT(ADDRESS(ROW()+1,COLUMN(), 4)),Dex!$A$2:$C262,3,false),"")} | E4: {=iferror(VLOOKUP(INDIRECT(ADDRESS(ROW()+1,COLUMN(), 4)),Dex!$A$2:$C262,3,false),"")} | F4: {=iferror(VLOOKUP(INDIRECT(ADDRESS(ROW()+1,COLUMN(), 4)),Dex!$A$2:$C262,3,false),"")} | G4: {=iferror(VLOOKUP(INDIRECT(ADDRESS(ROW()+1,COLUMN(), 4)),Dex!$A$2:$C262,3,false),"")} | H4: {=iferror(VLOOKUP("TRAINER_PIC_Brendan",Sprites!$A$1:$B262,2,false),"")}
B5: Oshawott | C5: Litten | D5: Riolu
A6: Level | B6: 10 | C6: 10 | D6: 11
A7: Held Item | B7: Oran Berry | C7: Oran Berry | D7: Berry Juice
A8: Ability | B8: Torrent | C8: Intimidate | D8: Prankster
A9: Nature | B9: Hasty | C9: Adamant | D9: Jolly
A10: Moves | B10: Chilling Water | C10: Fake Out | D10: Mach Punch
B11: Razor Shell | C11: Flame Charge | D11: Metal Claw
B12: Grass Knot | C12: Trailblaze | D12: Copycat
B13: Encore | C13: Torment
A14: Root Academy
A15: Name | B15: Youngster Ren
A16: Pokémon | B16: {=iferror(VLOOKUP(INDIRECT(ADDRESS(ROW()+1,COLUMN(), 4)),Dex!$A$2:$C262,3,false),"")} | C16: {=iferror(VLOOKUP(INDIRECT(ADDRESS(ROW()+1,COLUMN(), 4)),Dex!$A$2:$C262,3,false),"")} | D16: {=iferror(VLOOKUP(INDIRECT(ADDRESS(ROW()+1,COLUMN(), 4)),Dex!$A$2:$C262,3,false),"")} | E16: {=iferror(VLOOKUP(INDIRECT(ADDRESS(ROW()+1,COLUMN(), 4)),Dex!$A$2:$C262,3,false),"")} | F16: {=iferror(VLOOKUP(INDIRECT(ADDRESS(ROW()+1,COLUMN(), 4)),Dex!$A$2:$C262,3,false),"")} | G16: {=iferror(VLOOKUP(INDIRECT(ADDRESS(ROW()+1,COLUMN(), 4)),Dex!$A$2:$C262,3,false),"")} | H16: {=iferror(VLOOKUP("TRAINER_PIC_Youngster",Sprites!$A$1:$B262,2,false),"")}
B17: None
A18: Level | B18: 0
A19: Held Item | B19: None
A20: Ability | B20: None
A21: Nature | B21: Hardy
A22: Moves | B22: None
A26: Name | B26: Youngster Levi
A27: Pokémon | B27: {=iferror(VLOOKUP(INDIRECT(ADDRESS(ROW()+1,COLUMN(), 4)),Dex!$A$2:$C262,3,false),"")} | C27: {=iferror(VLOOKUP(INDIRECT(ADDRESS(ROW()+1,COLUMN(), 4)),Dex!$A$2:$C262,3,false),"")} | D27: {=iferror(VLOOKUP(INDIRECT(ADDRESS(ROW()+1,COLUMN(), 4)),Dex!$A$2:$C262,3,false),"")} | E27: {=iferror(VLOOKUP(INDIRECT(ADDRESS(ROW()+1,COLUMN(), 4)),Dex!$A$2:$C262,3,false),"")} | F27: {=iferror(VLOOKUP(INDIRECT(ADDRESS(ROW()+1,COLUMN(), 4)),Dex!$A$2:$C262,3,false),"")} | G27: {=iferror(VLOOKUP(INDIRECT(ADDRESS(ROW()+1,COLUMN(), 4)),Dex!$A$2:$C262,3,false),"")} | H27: {=iferror(VLOOKUP("TRAINER_PIC_Youngster",Sprites!$A$1:$B262,2,false),"")}
B28: None
A29: Level | B29: 0
A30: Held Item | B30: None
A31: Ability | B31: None
A32: Nature | B32: Hardy
A33: Moves | B33: None
A37: Name | B37: Lass Videl
A38: Pokémon | B38: {=iferror(VLOOKUP(INDIRECT(ADDRESS(ROW()+1,COLUMN(), 4)),Dex!$A$2:$C262,3,false),"")} | C38: {=iferror(VLOOKUP(INDIRECT(ADDRESS(ROW()+1,COLUMN(), 4)),Dex!$A$2:$C262,3,false),"")} | D38: {=iferror(VLOOKUP(INDIRECT(ADDRESS(ROW()+1,COLUMN(), 4)),Dex!$A$2:$C262,3,false),"")} | E38: {=iferror(VLOOKUP(INDIRECT(ADDRESS(ROW()+1,COLUMN(), 4)),Dex!$A$2:$C262,3,false),"")} | F38: {=iferror(VLOOKUP(INDIRECT(ADDRESS(ROW()+1,COLUMN(), 4)),Dex!$A$2:$C262,3,false),"")} | G38: {=iferror(VLOOKUP(INDIRECT(ADDRESS(ROW()+1,COLUMN(), 4)),Dex!$A$2:$C262,3,false),"")} | H38: {=iferror(VLOOKUP("TRAINER_PIC_Lass",Sprites!$A$1:$B262,2,false),"")}
B39: None
A40: Level | B40: 0
A41: Held Item | B41: None
A42: Ability | B42: None
A43: Nature | B43: Hardy
A44: Moves | B44: None
A48: Name | B48: Youngster Itachi
A49: Pokémon | B49: {=iferror(VLOOKUP(INDIRECT(ADDRESS(ROW()+1,COLUMN(), 4)),Dex!$A$2:$C262,3,false),"")} | C49: {=iferror(VLOOKUP(INDIRECT(ADDRESS(ROW()+1,COLUMN(), 4)),Dex!$A$2:$C262,3,false),"")} | D49: {=iferror(VLOOKUP(INDIRECT(ADDRESS(ROW()+1,COLUMN(), 4)),Dex!$A$2:$C262,3,false),"")} | E49: {=iferror(VLOOKUP(INDIRECT(ADDRESS(ROW()+1,COLUMN(), 4)),Dex!$A$2:$C262,3,false),"")} | F49: {=iferror(VLOOKUP(INDIRECT(ADDRESS(ROW()+1,COLUMN(), 4)),Dex!$A$2:$C262,3,false),"")} | G49: {=iferror(VLOOKUP(INDIRECT(ADDRESS(ROW()+1,COLUMN(), 4)),Dex!$A$2:$C262,3,false),"")} | H49: {=iferror(VLOOKUP("TRAINER_PIC_Youngster",Sprites!$A$1:$B262,2,false),"")}
B50: None
A51: Level | B51: 0
A52: Held Item | B52: None
A53: Ability | B53: None
A54: Nature | B54: Hardy
A55: Moves | B55: None
A59: Oldale Town
A60: Name | B60: Oldale Team Aqua Grunt
A61: Pokémon | B61: {=iferror(VLOOKUP(INDIRECT(ADDRESS(ROW()+1,COLUMN(), 4)),Dex!$A$2:$C262,3,false),"")} | C61: {=iferror(VLOOKUP(INDIRECT(ADDRESS(ROW()+1,COLUMN(), 4)),Dex!$A$2:$C262,3,false),"")} | D61: {=iferror(VLOOKUP(INDIRECT(ADDRESS(ROW()+1,COLUMN(), 4)),Dex!$A$2:$C262,3,false),"")} | E61: {=iferror(VLOOKUP(INDIRECT(ADDRESS(ROW()+1,COLUMN(), 4)),Dex!$A$2:$C262,3,false),"")} | F61: {=iferror(VLOOKUP(INDIRECT(ADDRESS(ROW()+1,COLUMN(), 4)),Dex!$A$2:$C262,3,false),"")} | G61: {=iferror(VLOOKUP(INDIRECT(ADDRESS(ROW()+1,COLUMN(), 4)),Dex!$A$2:$C262,3,false),"")} | H61: {=iferror(VLOOKUP("TRAINER_PIC_Aqua_Grunt_F",Sprites!$A$1:$B262,2,false),"")}
B62: Bibarel | C62: Sableye | D62: Dustox | E62: Quagsire
A63: Level | B63: 34 | C63: 33 | D63: 33 | E63: 33
A64: Held Item | B64: Water Gem | C64: Berry Juice | D64: Berry Juice | E64: Rindo Berry
A65: Ability | B65: Simple | C65: Prankster | D65: Shield Dust | E65: Water Absorb
A66: Nature | B66: Adamant | C66: Bold | D66: Modest | E66: Impish
A67: Moves | B67: Swords Dance | C67: Psychic | D67: Bug Buzz | E67: Curse
B68: Aqua Jet | C68: Will-O-Wisp | D68: Giga Drain | E68: Aqua Tail
B69: Quick Attack | C69: Recover | D69: Sludge Bomb | E69: Ice Punch
B70: Hyper Fang | C70: Taunt | D70: Tailwind | E70: Bulldoze
A71: Route 102
A72: Name | B72: Youngster Calvin
A73: Pokémon | B73: {=iferror(VLOOKUP(INDIRECT(ADDRESS(ROW()+1,COLUMN(), 4)),Dex!$A$2:$C262,3,false),"")} | C73: {=iferror(VLOOKUP(INDIRECT(ADDRESS(ROW()+1,COLUMN(), 4)),Dex!$A$2:$C262,3,false),"")} | D73: {=iferror(VLOOKUP(INDIRECT(ADDRESS(ROW()+1,COLUMN(), 4)),Dex!$A$2:$C262,3,false),"")} | E73: {=iferror(VLOOKUP(INDIRECT(ADDRESS(ROW()+1,COLUMN(), 4)),Dex!$A$2:$C262,3,false),"")} | F73: {=iferror(VLOOKUP(INDIRECT(ADDRESS(ROW()+1,COLUMN(), 4)),Dex!$A$2:$C262,3,false),"")} | G73: {=iferror(VLOOKUP(INDIRECT(ADDRESS(ROW()+1,COLUMN(), 4)),Dex!$A$2:$C262,3,false),"")} | H73: {=iferror(VLOOKUP("TRAINER_PIC_Youngster",Sprites!$A$1:$B262,2,false),"")}
B74: Oinkologne | C74: Gumshoos | D74: Talonflame
A75: Level | B75: 33 | C75: 33 | D75: 34
A76: Held Item | B76: Liechi Berry | C76: Red Card | D76: Berry Juice
A77: Ability | B77: Lingering Aroma | C77: Stakeout | D77: Flame Body
A78: Nature | B78: Impish | C78: Adamant | D78: Jolly
A79: Moves | B79: Stuff Cheeks | C79: Facade | D79: Flame Charge
B80: Headbutt | C80: Ice Fang | D80: Acrobatics
B81: Body Press | C81: Trailblaze | D81: Steel Wing
D82: Reversal
A83: Name | B83: Bug Catcher Beni
A84: Pokémon | B84: {=iferror(VLOOKUP(INDIRECT(ADDRESS(ROW()+1,COLUMN(), 4)),Dex!$A$2:$C262,3,false),"")} | C84: {=iferror(VLOOKUP(INDIRECT(ADDRESS(ROW()+1,COLUMN(), 4)),Dex!$A$2:$C262,3,false),"")} | D84: {=iferror(VLOOKUP(INDIRECT(ADDRESS(ROW()+1,COLUMN(), 4)),Dex!$A$2:$C262,3,false),"")} | E84: {=iferror(VLOOKUP(INDIRECT(ADDRESS(ROW()+1,COLUMN(), 4)),Dex!$A$2:$C262,3,false),"")} | F84: {=iferror(VLOOKUP(INDIRECT(ADDRESS(ROW()+1,COLUMN(), 4)),Dex!$A$2:$C262,3,false),"")} | G84: {=iferror(VLOOKUP(INDIRECT(ADDRESS(ROW()+1,COLUMN(), 4)),Dex!$A$2:$C262,3,false),"")} | H84: {=iferror(VLOOKUP("TRAINER_PIC_Bug_Catcher",Sprites!$A$1:$B262,2,false),"")}
B85: Lumineon | C85: Butterfree | D85: Spidops | E85: Ledian
A86: Level | B86: 33 | C86: 33 | D86: 33 | E86: 34
A87: Held Item | B87: Hondew Berry | C87: Flying Gem | D87: Coba Berry | E87: Punching Glove
A88: Ability | B88: Swift Swim | C88: Tinted Lens | D88: Stakeout | E88: Iron Fist
A89: Nature | B89: Hasty | C89: Adamant | D89: Adamant | E89: Jolly
A90: Moves | B90: Icy Wind | C90: Acrobatics | D90: First Impression | E90: Mach Punch
B91: Chilling Water | C91: U-Turn | D91: Leech Life | E91: Swords Dance
B92: Natural Gift | C92: Curse | D92: Silk Trap | E92: Ice Punch
B93: Hidden Power Grass | C93: Baton Pass | D93: Spider Web | E93: Thunder Punch
A94: Name | B94: Youngster Joey
A95: Pokémon | B95: {=iferror(VLOOKUP(INDIRECT(ADDRESS(ROW()+1,COLUMN(), 4)),Dex!$A$2:$C262,3,false),"")} | C95: {=iferror(VLOOKUP(INDIRECT(ADDRESS(ROW()+1,COLUMN(), 4)),Dex!$A$2:$C262,3,false),"")} | D95: {=iferror(VLOOKUP(INDIRECT(ADDRESS(ROW()+1,COLUMN(), 4)),Dex!$A$2:$C262,3,false),"")} | E95: {=iferror(VLOOKUP(INDIRECT(ADDRESS(ROW()+1,COLUMN(), 4)),Dex!$A$2:$C262,3,false),"")} | F95: {=iferror(VLOOKUP(INDIRECT(ADDRESS(ROW()+1,COLUMN(), 4)),Dex!$A$2:$C262,3,false),"")} | G95: {=iferror(VLOOKUP(INDIRECT(ADDRESS(ROW()+1,COLUMN(), 4)),Dex!$A$2:$C262,3,false),"")} | H95: {=iferror(VLOOKUP("TRAINER_PIC_Youngster",Sprites!$A$1:$B262,2,false),"")}
B96: Arboliva | C96: Heliolisk | D96: Clodsire | E96: Comfey
A97: Level | B97: 33 | C97: 33 | D97: 33 | E97: 34
A98: Held Item | B98: Leftovers | C98: Electric Gem | D98: Clear Amulet | E98: Leftovers
A99: Ability | B99: Triage | C99: Dry Skin | D99: Water Absorb | E99: Triage
A100: Nature | B100: Bold | C100: Timid | D100: Impish | E100: Modest
A101: Moves | B101: Giga Drain | C101: Parabolic Charge | D101: Poison Tail | E101: Draining Kiss
B102: Synthesis | C102: Swift | D102: Bulldoze | E102: Giga Drain
B103: Earth Power | C103: Grass Knot | D103: Recover | E103: Synthesis
B104: Trailblaze | C104: Electro Ball | D104: Low Kick | E104: Leech Seed
A105: Name | B105: Lass Tiana
A106: Pokémon | B106: {=iferror(VLOOKUP(INDIRECT(ADDRESS(ROW()+1,COLUMN(), 4)),Dex!$A$2:$C262,3,false),"")} | C106: {=iferror(VLOOKUP(INDIRECT(ADDRESS(ROW()+1,COLUMN(), 4)),Dex!$A$2:$C262,3,false),"")} | D106: {=iferror(VLOOKUP(INDIRECT(ADDRESS(ROW()+1,COLUMN(), 4)),Dex!$A$2:$C262,3,false),"")} | E106: {=iferror(VLOOKUP(INDIRECT(ADDRESS(ROW()+1,COLUMN(), 4)),Dex!$A$2:$C262,3,false),"")} | F106: {=iferror(VLOOKUP(INDIRECT(ADDRESS(ROW()+1,COLUMN(), 4)),Dex!$A$2:$C262,3,false),"")} | G106: {=iferror(VLOOKUP(INDIRECT(ADDRESS(ROW()+1,COLUMN(), 4)),Dex!$A$2:$C262,3,false),"")} | H106: {=iferror(VLOOKUP("TRAINER_PIC_Lass",Sprites!$A$1:$B262,2,false),"")}
B107: Bombirdier | C107: Orthworm | D107: Ariados | E107: Beautifly | F107: Hypno
A108: Level | B108: 34 | C108: 34 | D108: 34 | E108: 34 | F108: 35
A109: Held Item | B109: Rocky Helmet | C109: Steel Gem | D109: Scope Lens | E109: Lansat Berry | F109: Big Root
A110: Ability | B110: Rocky Payload | C110: Earth Eater | D110: Sniper | E110: Swarm | F110: Insomnia
A111: Nature | B111: Jolly | C111: Relaxed | D111: Jolly | E111: Timid | F111: Relaxed
A112: Moves | B112: Stealth Rock | C112: Spikes | D112: Sticky Web | E112: Bug Buzz | F112: Hypnosis
B113: Rock Tomb | C113: Earthquake | D113: Poison Jab | E113: Air Cutter | F113: Draining Kiss
...

Sheet Brawly Split
A2: Route 116
A3: Name | B3: Youngster Schmo
A4: Pokémon | B4: {=iferror(VLOOKUP(INDIRECT(ADDRESS(ROW()+1,COLUMN(), 4)),Dex!$A$2:$C205,3,false),"")} | C4: {=iferror(VLOOKUP(INDIRECT(ADDRESS(ROW()+1,COLUMN(), 4)),Dex!$A$2:$C205,3,false),"")} | D4: {=iferror(VLOOKUP(INDIRECT(ADDRESS(ROW()+1,COLUMN(), 4)),Dex!$A$2:$C205,3,false),"")} | E4: {=iferror(VLOOKUP(INDIRECT(ADDRESS(ROW()+1,COLUMN(), 4)),Dex!$A$2:$C205,3,false),"")} | F4: {=iferror(VLOOKUP(INDIRECT(ADDRESS(ROW()+1,COLUMN(), 4)),Dex!$A$2:$C205,3,false),"")} | G4: {=iferror(VLOOKUP(INDIRECT(ADDRESS(ROW()+1,COLUMN(), 4)),Dex!$A$2:$C205,3,false),"")} | H4: {=iferror(VLOOKUP("TRAINER_PIC_Youngster",Sprites!$A$1:$B205,2,false),"")}
B5: Pidgeot | C5: Linoone | D5: Wigglytuff
A6: Level | B6: 39 | C6: 40 | D6: 40
A7: Held Item | B7: Wacan Berry | C7: Iapapa Berry | D7: Life Orb
A8: Ability | B8: Keen Eye | C8: Gluttony | D8: Competitive
A9: Nature | B9: Hasty | C9: Adamant | D9: Modest
A10: Moves | B10: Mirror Move | C10: Belly Drum | D10: Dazzling Gleam
B11: Air Slash | C11: Extreme Speed | D11: Ice Beam
B12: Heat Wave | C12: Seed Bomb | D12: Thunderbolt
B13: Steel Wing | C13: Stomping Tantrum | D13: Flamethrower
A14: Name | B14: Bug Catcher Jose
A15: Pokémon | B15: {=iferror(VLOOKUP(INDIRECT(ADDRESS(ROW()+1,COLUMN(), 4)),Dex!$A$2:$C205,3,false),"")} | C15: {=iferror(VLOOKUP(INDIRECT(ADDRESS(ROW()+1,COLUMN(), 4)),Dex!$A$2:$C205,3,false),"")} | D15: {=iferror(VLOOKUP(INDIRECT(ADDRESS(ROW()+1,COLUMN(), 4)),Dex!$A$2:$C205,3,false),"")} | E15: {=iferror(VLOOKUP(INDIRECT(ADDRESS(ROW()+1,COLUMN(), 4)),Dex!$A$2:$C205,3,false),"")} | F15: {=iferror(VLOOKUP(INDIRECT(ADDRESS(ROW()+1,COLUMN(), 4)),Dex!$A$2:$C205,3,false),"")} | G15: {=iferror(VLOOKUP(INDIRECT(ADDRESS(ROW()+1,COLUMN(), 4)),Dex!$A$2:$C205,3,false),"")} | H15: {=iferror(VLOOKUP("TRAINER_PIC_Bug_Catcher",Sprites!$A$1:$B205,2,false),"")}
B16: Venomoth | C16: Wormadam-Sandy | D16: Gastrodon | E16: Kleavor
A17: Level | B17: 40 | C17: 40 | D17: 41 | E17: 42
A18: Held Item | B18: Lum Berry | C18: Occa Berry | D18: Rindo Berry | E18: Rock Gem
A19: Ability | B19: Tinted Lens | C19: Anticipation | D19: Storm Drain | E19: Sheer Force
A20: Nature | B20: Modest | C20: Adamant | D20: Modest | E20: Jolly
A21: Moves | B21: Sludge Bomb | C21: Earthquake | D21: Earth Power | E21: Morning Sun
B22: Bug Buzz | C22: Stealth Rock | D22: Scald | E22: Stone Edge
B23: Sleep Powder | C23: Sucker Punch | D23: Recover | E23: Lunge
B24: Quiver Dance | C24: Rock Tomb | D24: Ice Beam | E24: Brick Break
A25: Name | B25: School Kid Karen
A26: Pokémon | B26: {=iferror(VLOOKUP(INDIRECT(ADDRESS(ROW()+1,COLUMN(), 4)),Dex!$A$2:$C205,3,false),"")} | C26: {=iferror(VLOOKUP(INDIRECT(ADDRESS(ROW()+1,COLUMN(), 4)),Dex!$A$2:$C205,3,false),"")} | D26: {=iferror(VLOOKUP(INDIRECT(ADDRESS(ROW()+1,COLUMN(), 4)),Dex!$A$2:$C205,3,false),"")} | E26: {=iferror(VLOOKUP(INDIRECT(ADDRESS(ROW()+1,COLUMN(), 4)),Dex!$A$2:$C205,3,false),"")} | F26: {=iferror(VLOOKUP(INDIRECT(ADDRESS(ROW()+1,COLUMN(), 4)),Dex!$A$2:$C205,3,false),"")} | G26: {=iferror(VLOOKUP(INDIRECT(ADDRESS(ROW()+1,COLUMN(), 4)),Dex!$A$2:$C205,3,false),"")} | H26: {=iferror(VLOOKUP("TRAINER_PIC_School_Kid_F",Sprites!$A$1:$B205,2,false),"")}
B27: Primeape | C27: Ursaring | D27: Throh | E27: Magneton
A28: Level | B28: 40 | C28: 41 | D28: 41 | E28: 41
A29: Held Item | B29: Eviolite | C29: Toxic Orb | D29: Flame Orb | E29: Sitrus Berry
A30: Ability | B30: Anger Point | C30: Quick Feet | D30: Guts | E30: Analytic
A31: Nature | B31: Adamant | C31: Brave | D31: Adamant | E31: Modest
A32: Moves | B32: Drain Punch | C32: Secret Power | D32: Protect | E32: Thunderbolt
B33: Substitute | C33: Throat Chop | D33: Stone Edge | E33: Flash Cannon
B34: Rage Fist | C34: Last Resort | D34: Superpower | E34: Hidden Power Grass
B35: Bulk Up | C35: Protect | D35: Knock Off | E35: Magnet Rise
A36: Name | B36: Hiker Clark & Youngster Johnson [Double]
A37: Pokémon | B37: {=iferror(VLOOKUP(INDIRECT(ADDRESS(ROW()+1,COLUMN(), 4)),Dex!$A$2:$C205,3,false),"")} | C37: {=iferror(VLOOKUP(INDIRECT(ADDRESS(ROW()+1,COLUMN(), 4)),Dex!$A$2:$C205,3,false),"")} | D37: {=iferror(VLOOKUP(INDIRECT(ADDRESS(ROW()+1,COLUMN(), 4)),Dex!$A$2:$C205,3,false),"")} | E37: {=iferror(VLOOKUP(INDIRECT(ADDRESS(ROW()+1,COLUMN(), 4)),Dex!$A$2:$C205,3,false),"")} | F37: {=iferror(VLOOKUP(INDIRECT(ADDRESS(ROW()+1,COLUMN(), 4)),Dex!$A$2:$C205,3,false),"")} | G37: {=iferror(VLOOKUP(INDIRECT(ADDRESS(ROW()+1,COLUMN(), 4)),Dex!$A$2:$C205,3,false),"")} | H37: {=iferror(VLOOKUP("TRAINER_PIC_Hiker",Sprites!$A$1:$B205,2,false),"")}
B38: Golem | C38: Sandslash | E38: Persian | F38: Chimecho
A39: Level | B39: 42 | C39: 41 | E39: 41 | F39: 41
A40: Held Item | B40: Lum Berry | C40: Sitrus Berry | E40: Loaded Dice | F40: Blunder Policy
A41: Ability | B41: Sturdy | C41: Sand Rush | E41: Technician | F41: Levitate
A42: Nature | B42: Impish | C42: Adamant | E42: Adamant | F42: Modest
A43: Moves | B43: Stealth Rock | C43: Swords Dance | E43: Fake Out | F43: Hypnosis
B44: Rock Slide | C44: Sandstorm | E44: Fury Swipes | F44: Dream Eater
B45: Stomping Tantrum | C45: X-Scissor | E45: Trailblaze | F45: Nightmare
B46: Body Press | C46: High Horsepower | E46: Snarl | F46: Dazzling Gleam
A47: Name | B47: Hiker Devan
A48: Pokémon | B48: {=iferror(VLOOKUP(INDIRECT(ADDRESS(ROW()+1,COLUMN(), 4)),Dex!$A$2:$C205,3,false),"")} | C48: {=iferror(VLOOKUP(INDIRECT(ADDRESS(ROW()+1,COLUMN(), 4)),Dex!$A$2:$C205,3,false),"")} | D48: {=iferror(VLOOKUP(INDIRECT(ADDRESS(ROW()+1,COLUMN(), 4)),Dex!$A$2:$C205,3,false),"")} | E48: {=iferror(VLOOKUP(INDIRECT(ADDRESS(ROW()+1,COLUMN(), 4)),Dex!$A$2:$C205,3,false),"")} | F48: {=iferror(VLOOKUP(INDIRECT(ADDRESS(ROW()+1,COLUMN(), 4)),Dex!$A$2:$C205,3,false),"")} | G48: {=iferror(VLOOKUP(INDIRECT(ADDRESS(ROW()+1,COLUMN(), 4)),Dex!$A$2:$C205,3,false),"")} | H48: {=iferror(VLOOKUP("TRAINER_PIC_Hiker",Sprites!$A$1:$B205,2,false),"")}
B49: Dugtrio-Alola | C49: Stunfisk
A50: Level | B50: 42 | C50: 42
A51: Held Item | B51: Rocky Helmet | C51: Leftovers
A52: Ability | B52: Tangling Hair | C52: Static
A53: Nature | B53: Jolly | C53: Modest
A54: Moves | B54: Iron Head | C54: Earth Power
B55: Stomping Tantrum | C55: Discharge
B56: Memento | C56: Surf
B57: Metal Sound | C57: Thunder Wave
A58: Rusturf Tunnel
A59: Name | B59: Rusturf Team Aqua Grunt
A60: Pokémon | B60: {=iferror(VLOOKUP(INDIRECT(ADDRESS(ROW()+1,COLUMN(), 4)),Dex!$A$2:$C205,3,false),"")} | C60: {=iferror(VLOOKUP(INDIRECT(ADDRESS(ROW()+1,COLUMN(), 4)),Dex!$A$2:$C205,3,false),"")} | D60: {=iferror(VLOOKUP(INDIRECT(ADDRESS(ROW()+1,COLUMN(), 4)),Dex!$A$2:$C205,3,false),"")} | E60: {=iferror(VLOOKUP(INDIRECT(ADDRESS(ROW()+1,COLUMN(), 4)),Dex!$A$2:$C205,3,false),"")} | F60: {=iferror(VLOOKUP(INDIRECT(ADDRESS(ROW()+1,COLUMN(), 4)),Dex!$A$2:$C205,3,false),"")} | G60: {=iferror(VLOOKUP(INDIRECT(ADDRESS(ROW()+1,COLUMN(), 4)),Dex!$A$2:$C205,3,false),"")} | H60: {=iferror(VLOOKUP("TRAINER_PIC_Aqua_Grunt_M",Sprites!$A$1:$B205,2,false),"")}
B61: Mightyena | C61: Slowbro-Galar | D61: Wormadam | E61: Phione
A62: Level | B62: 42 | C62: 42 | D62: 43 | E62: 45
A63: Held Item | B63: Expert Belt | C63: Quick Claw | D63: Bright Powder | E63: Leftovers
A64: Ability | B64: Intimidate | C64: Quick Draw | D64: Overcoat | E64: Hydration
A65: Nature | B65: Adamant | C65: Brave | D65: Modest | E65: Modest
A66: Moves | B66: Crunch | C66: Zen Headbutt | D66: Quiver Dance | E66: Tail Glow
B67: Howl | C67: Slack Off | D67: Energy Ball | E67: Scald
B68: Play Rough | C68: Headbutt | D68: Bug Buzz | E68: Grass Knot
B69: Poison Fang | C69: Razor Shell | D69: Shadow Ball | E69: Ice Beam
A70: Rustboro City
A71: Name | B71: Rustboro Rival Chespin
A72: Pokémon | B72: {=iferror(VLOOKUP(INDIRECT(ADDRESS(ROW()+1,COLUMN(), 4)),Dex!$A$2:$C205,3,false),"")} | C72: {=iferror(VLOOKUP(INDIRECT(ADDRESS(ROW()+1,COLUMN(), 4)),Dex!$A$2:$C205,3,false),"")} | D72: {=iferror(VLOOKUP(INDIRECT(ADDRESS(ROW()+1,COLUMN(), 4)),Dex!$A$2:$C205,3,false),"")} | E72: {=iferror(VLOOKUP(INDIRECT(ADDRESS(ROW()+1,COLUMN(), 4)),Dex!$A$2:$C205,3,false),"")} | F72: {=iferror(VLOOKUP(INDIRECT(ADDRESS(ROW()+1,COLUMN(), 4)),Dex!$A$2:$C205,3,false),"")} | G72: {=iferror(VLOOKUP(INDIRECT(ADDRESS(ROW()+1,COLUMN(), 4)),Dex!$A$2:$C205,3,false),"")} | H72: {=iferror(VLOOKUP("TRAINER_PIC_Brendan",Sprites!$A$1:$B205,2,false),"")}
B73: Bellibolt | C73: Cinderace | D73: Lucario | E73: Alomomola | F73: Cacturne | G73: Type: Null
A74: Level | B74: 43 | C74: 44 | D74: 44 | E74: 43 | F74: 43 | G74: 43
A75: Held Item | B75: Magnet | C75: Muscle Band | D75: Ability Shield | E75: Leftovers | F75: Tanga Berry | G75: Soothe Bell
A76: Ability | B76: Electromorphosis | C76: Protean | D76: Inner Focus | E76: Regenerator | F76: Water Absorb | G76: Battle Armor
A77: Nature | B77: Bold | C77: Jolly | D77: Timid | E77: Careful | F77: Quiet | G77: Lonely
A78: Moves | B78: Volt Switch | C78: Blaze Kick | D78: Aura Sphere | E78: Wish | F78: Sucker Punch | G78: Shadow Claw
B79: Muddy Water | C79: Iron Head | D79: Flash Cannon | E79: Toxic | F79: Needle Arm | G79: Work Up
B80: Slack Off | C80: Sucker Punch | D80: Vacuum Wave | E80: Flip Turn | F80: Spikes | G80: Frustration
B81: Soak | C81: Low Kick | D81: Trailblaze | E81: Protect | F81: Spiky Shield | G81: Scary Face
A82: Name | B82: Rustboro Rival Fennekin
A83: Pokémon | B83: {=iferror(VLOOKUP(INDIRECT(ADDRESS(ROW()+1,COLUMN(), 4)),Dex!$A$2:$C205,3,false),"")} | C83: {=iferror(VLOOKUP(INDIRECT(ADDRESS(ROW()+1,COLUMN(), 4)),Dex!$A$2:$C205,3,false),"")} | D83: {=iferror(VLOOKUP(INDIRECT(ADDRESS(ROW()+1,COLUMN(), 4)),Dex!$A$2:$C205,3,false),"")} | E83: {=iferror(VLOOKUP(INDIRECT(ADDRESS(ROW()+1,COLUMN(), 4)),Dex!$A$2:$C205,3,false),"")} | F83: {=iferror(VLOOKUP(INDIRECT(ADDRESS(ROW()+1,COLUMN(), 4)),Dex!$A$2:$C205,3,false),"")} | G83: {=iferror(VLOOKUP(INDIRECT(ADDRESS(ROW()+1,COLUMN(), 4)),Dex!$A$2:$C205,3,false),"")} | H83: {=iferror(VLOOKUP("TRAINER_PIC_Brendan",Sprites!$A$1:$B205,2,false),"")}
B84: Electrode-Hisui | C84: Greninja | D84: Lucario | E84: Cacturne | F84: Salazzle | G84: Type: Null
A85: Level | B85: 43 | C85: 44 | D85: 44 | E85: 43 | F85: 43 | G85: 43
A86: Held Item | B86: Magnet | C86: Wise Glasses | D86: Ability Shield | E86: Tanga Berry | F86: Shuca Berry | G86: Soothe Bell
A87: Ability | B87: Soundproof | C87: Protean | D87: Inner Focus | E87: Water Absorb | F87: Corrosion | G87: Battle Armor
A88: Nature | B88: Modest | C88: Timid | D88: Jolly | E88: Quiet | F88: Timid | G88: Lonely
A89: Moves | B89: Volt Switch | C89: Scald | D89: Iron Head | E89: Sucker Punch | F89: Flamethrower | G89: Shadow Claw
B90: Grass Knot | C90: Ice Beam | D90: Brick Break | E90: Needle Arm | F90: Toxic | G90: Work Up
B91: Foul Play | C91: Grass Knot | D91: Bullet Punch | E91: Spikes | F91: Venoshock | G91: Frustration
B92: Leech Seed | C92: Dark Pulse | D92: Fire Punch | E92: Spiky Shield | F92: Endeavor | G92: Scary Face
A93: Name | B93: Rustboro Rival Froakie
A94: Pokémon | B94: {=iferror(VLOOKUP(INDIRECT(ADDRESS(ROW()+1,COLUMN(), 4)),Dex!$A$2:$C205,3,false),"")} | C94: {=iferror(VLOOKUP(INDIRECT(ADDRESS(ROW()+1,COLUMN(), 4)),Dex!$A$2:$C205,3,false),"")} | D94: {=iferror(VLOOKUP(INDIRECT(ADDRESS(ROW()+1,COLUMN(), 4)),Dex!$A$2:$C205,3,false),"")} | E94: {=iferror(VLOOKUP(INDIRECT(ADDRESS(ROW()+1,COLUMN(), 4)),Dex!$A$2:$C205,3,false),"")} | F94: {=iferror(VLOOKUP(INDIRECT(ADDRESS(ROW()+1,COLUMN(), 4)),Dex!$A$2:$C205,3,false),"")} | G94: {=iferror(VLOOKUP(INDIRECT(ADDRESS(ROW()+1,COLUMN(), 4)),Dex!$A$2:$C205,3,false),"")} | H94: {=iferror(VLOOKUP("TRAINER_PIC_Brendan",Sprites!$A$1:$B205,2,false),"")}
B95: Raichu | C95: Meowscarada | D95: Lucario | E95: Alomomola | F95: Salazzle | G95: Type: Null
A96: Level | B96: 43 | C96: 44 | D96: 44 | E96: 43 | F96: 43 | G96: 43
A97: Held Item | B97: Magnet | C97: Muscle Band | D97: Ability Shield | E97: Leftovers | F97: Shuca Berry | G97: Soothe Bell
A98: Ability | B98: Static | C98: Protean | D98: Inner Focus | E98: Regenerator | F98: Corrosion | G98: Battle Armor
A99: Nature | B99: Timid | C99: Jolly | D99: Timid | E99: Careful | F99: Timid | G99: Lonely
A100: Moves | B100: Volt Switch | C100: Seed Bomb | D100: Aura Sphere | E100: Wish | F100: Flamethrower | G100: Shadow Claw
B101: Surf | C101: Throat Chop | D101: Flash Cannon | E101: Toxic | F101: Toxic | G101: Work Up
...

Sheet Wattson Split
A2: Route 109
A3: Name | B3: Tuber Hailey
A4: Pokémon | B4: {=iferror(VLOOKUP(INDIRECT(ADDRESS(ROW()+1,COLUMN(), 4)),Dex!$A$2:$C294,3,false),"")} | C4: {=iferror(VLOOKUP(INDIRECT(ADDRESS(ROW()+1,COLUMN(), 4)),Dex!$A$2:$C294,3,false),"")} | D4: {=iferror(VLOOKUP(INDIRECT(ADDRESS(ROW()+1,COLUMN(), 4)),Dex!$A$2:$C294,3,false),"")} | E4: {=iferror(VLOOKUP(INDIRECT(ADDRESS(ROW()+1,COLUMN(), 4)),Dex!$A$2:$C294,3,false),"")} | F4: {=iferror(VLOOKUP(INDIRECT(ADDRESS(ROW()+1,COLUMN(), 4)),Dex!$A$2:$C294,3,false),"")} | G4: {=iferror(VLOOKUP(INDIRECT(ADDRESS(ROW()+1,COLUMN(), 4)),Dex!$A$2:$C294,3,false),"")} | H4: {=iferror(VLOOKUP("TRAINER_PIC_Tuber_F",Sprites!$A$1:$B294,2,false),"")}
B5: Stunfisk-Galar | C5: Carnivine | D5: Mothim | E5: Wugtrio
A6: Level | B6: 46 | C6: 47 | D6: 47 | E6: 47
A7: Held Item | B7: Chople Berry | C7: Binding Band | D7: Focus Sash | E7: Muscle Band
A8: Ability | B8: Mimicry | C8: Levitate | D8: Swarm | E8: Arena Trap
A9: Nature | B9: Sassy | C9: Adamant | D9: Timid | E9: Adamant
A10: Moves | B10: Stealth Rock | C10: Snap Trap | D10: Sleep Powder | E10: Aqua Cutter
B11: Snap Trap | C11: Sleep Powder | D11: Quiver Dance | E11: Final Gambit
B12: Thunder Wave | C12: Stun Spore | D12: Air Slash | E12: Foul Play
B13: Earthquake | C13: Crunch | D13: Bug Buzz | E13: Aqua Jet
A14: Name | B14: Tuber Ricky
A15: Pokémon | B15: {=iferror(VLOOKUP(INDIRECT(ADDRESS(ROW()+1,COLUMN(), 4)),Dex!$A$2:$C294,3,false),"")} | C15: {=iferror(VLOOKUP(INDIRECT(ADDRESS(ROW()+1,COLUMN(), 4)),Dex!$A$2:$C294,3,false),"")} | D15: {=iferror(VLOOKUP(INDIRECT(ADDRESS(ROW()+1,COLUMN(), 4)),Dex!$A$2:$C294,3,false),"")} | E15: {=iferror(VLOOKUP(INDIRECT(ADDRESS(ROW()+1,COLUMN(), 4)),Dex!$A$2:$C294,3,false),"")} | F15: {=iferror(VLOOKUP(INDIRECT(ADDRESS(ROW()+1,COLUMN(), 4)),Dex!$A$2:$C294,3,false),"")} | G15: {=iferror(VLOOKUP(INDIRECT(ADDRESS(ROW()+1,COLUMN(), 4)),Dex!$A$2:$C294,3,false),"")} | H15: {=iferror(VLOOKUP("TRAINER_PIC_Tuber_M",Sprites!$A$1:$B294,2,false),"")}
B16: Pincurchin | C16: Simisage | D16: Raichu-Alola | E16: Clawitzer
A17: Level | B17: 47 | C17: 47 | D17: 47 | E17: 47
A18: Held Item | B18: Mental Herb | C18: Eject Pack | D18: Water Gem | E18: Electric Seed
A19: Ability | B19: Electric Surge | C19: Overgrow | D19: Surge Surfer | E19: Mega Launcher
A20: Nature | B20: Sassy | C20: Timid | D20: Modest | E20: Calm
A21: Moves | B21: Spikes | C21: Nature Power | D21: Fake Tears | E21: Water Pulse
B22: Toxic Spikes | C22: Leaf Storm | D22: Rising Voltage | E22: Terrain Pulse
B23: Memento | C23: Focus Blast | D23: Surf | E23: Dark Pulse
B24: Liquidation | C24: Grass Knot | D24: Volt Switch | E24: Aura Sphere
A25: Name | B25: Tuber Lola
A26: Pokémon | B26: {=iferror(VLOOKUP(INDIRECT(ADDRESS(ROW()+1,COLUMN(), 4)),Dex!$A$2:$C294,3,false),"")} | C26: {=iferror(VLOOKUP(INDIRECT(ADDRESS(ROW()+1,COLUMN(), 4)),Dex!$A$2:$C294,3,false),"")} | D26: {=iferror(VLOOKUP(INDIRECT(ADDRESS(ROW()+1,COLUMN(), 4)),Dex!$A$2:$C294,3,false),"")} | E26: {=iferror(VLOOKUP(INDIRECT(ADDRESS(ROW()+1,COLUMN(), 4)),Dex!$A$2:$C294,3,false),"")} | F26: {=iferror(VLOOKUP(INDIRECT(ADDRESS(ROW()+1,COLUMN(), 4)),Dex!$A$2:$C294,3,false),"")} | G26: {=iferror(VLOOKUP(INDIRECT(ADDRESS(ROW()+1,COLUMN(), 4)),Dex!$A$2:$C294,3,false),"")} | H26: {=iferror(VLOOKUP("TRAINER_PIC_Tuber_F",Sprites!$A$1:$B294,2,false),"")}
B27: Aromatisse | C27: Marowak | D27: Veluza | E27: Machamp
A28: Level | B28: 48 | C28: 47 | D28: 47 | E28: 48
A29: Held Item | B29: Iapapa Berry | C29: Thick Club | D29: Sitrus Berry | E29: Ability Shield
A30: Ability | B30: Aroma Veil | C30: Battle Armor | D30: Sharpness | E30: No Guard
A31: Nature | B31: Quiet | C31: Brave | D31: Brave | E31: Brave
A32: Moves | B32: Trick Room | C32: Bone Rush | D32: Trick Room | E32: Dynamic Punch
B33: Nasty Plot | C33: Rock Slide | D33: Psycho Cut | E33: Rock Slide
B34: Moonblast | C34: Power-Up Punch | D34: Aqua Cutter | E34: Ice Punch
B35: Mystical Fire | C35: Thunder Punch | D35: Fillet Away | E35: Throat Chop
A36: Name | B36: Sailor Edmond
A37: Pokémon | B37: {=iferror(VLOOKUP(INDIRECT(ADDRESS(ROW()+1,COLUMN(), 4)),Dex!$A$2:$C294,3,false),"")} | C37: {=iferror(VLOOKUP(INDIRECT(ADDRESS(ROW()+1,COLUMN(), 4)),Dex!$A$2:$C294,3,false),"")} | D37: {=iferror(VLOOKUP(INDIRECT(ADDRESS(ROW()+1,COLUMN(), 4)),Dex!$A$2:$C294,3,false),"")} | E37: {=iferror(VLOOKUP(INDIRECT(ADDRESS(ROW()+1,COLUMN(), 4)),Dex!$A$2:$C294,3,false),"")} | F37: {=iferror(VLOOKUP(INDIRECT(ADDRESS(ROW()+1,COLUMN(), 4)),Dex!$A$2:$C294,3,false),"")} | G37: {=iferror(VLOOKUP(INDIRECT(ADDRESS(ROW()+1,COLUMN(), 4)),Dex!$A$2:$C294,3,false),"")} | H37: {=iferror(VLOOKUP("TRAINER_PIC_Sailor",Sprites!$A$1:$B294,2,false),"")}
B38: Masquerain | C38: Dachsbun | D38: Purugly | E38: Druddigon
A39: Level | B39: 47 | C39: 47 | D39: 47 | E39: 48
A40: Held Item | B40: Silver Powder | C40: Lum Berry | D40: Adrenaline Orb | E40: Life Orb
A41: Ability | B41: Intimidate | C41: Well-Baked Body | D41: Defiant | E41: Sheer Force
A42: Nature | B42: Timid | C42: Adamant | D42: Adamant | E42: Adamant
A43: Moves | B43: Quiver Dance | C43: Yawn | D43: Hypnosis | E43: Dragon Rush
B44: Bug Buzz | C44: Play Rough | D44: Return | E44: Glare
B45: Sticky Web | C45: Fire Fang | D45: Iron Tail | E45: Fire Punch
B46: Hydro Pump | C46: Stomping Tantrum | D46: Roar | E46: Thunder Punch
A47: Name | B47: Tuber Chandler
A48: Pokémon | B48: {=iferror(VLOOKUP(INDIRECT(ADDRESS(ROW()+1,COLUMN(), 4)),Dex!$A$2:$C294,3,false),"")} | C48: {=iferror(VLOOKUP(INDIRECT(ADDRESS(ROW()+1,COLUMN(), 4)),Dex!$A$2:$C294,3,false),"")} | D48: {=iferror(VLOOKUP(INDIRECT(ADDRESS(ROW()+1,COLUMN(), 4)),Dex!$A$2:$C294,3,false),"")} | E48: {=iferror(VLOOKUP(INDIRECT(ADDRESS(ROW()+1,COLUMN(), 4)),Dex!$A$2:$C294,3,false),"")} | F48: {=iferror(VLOOKUP(INDIRECT(ADDRESS(ROW()+1,COLUMN(), 4)),Dex!$A$2:$C294,3,false),"")} | G48: {=iferror(VLOOKUP(INDIRECT(ADDRESS(ROW()+1,COLUMN(), 4)),Dex!$A$2:$C294,3,false),"")} | H48: {=iferror(VLOOKUP("TRAINER_PIC_Tuber_M",Sprites!$A$1:$B294,2,false),"")}
B49: Kingler | C49: Palossand | D49: Sawsbuck
A50: Level | B50: 48 | C50: 47 | D50: 48
A51: Held Item | B51: Mystic Water | C51: Rindo Berry | D51: Protective Pads
A52: Ability | B52: Shell Armor | C52: Water Compaction | D52: Serene Grace
A53: Nature | B53: Careful | C53: Calm | D53: Jolly
A54: Moves | B54: Crabhammer | C54: Shore Up | D54: Headbutt
B55: Curse | C55: Energy Ball | D55: Swords Dance
B56: X-Scissor | C56: Shadow Ball | D56: Zen Headbutt
B57: Hammer Arm | C57: Sludge Bomb | D57: Horn Leech
A58: Name | B58: Sailor MSPaint [Double]
A59: Pokémon | B59: {=iferror(VLOOKUP(INDIRECT(ADDRESS(ROW()+1,COLUMN(), 4)),Dex!$A$2:$C294,3,false),"")} | C59: {=iferror(VLOOKUP(INDIRECT(ADDRESS(ROW()+1,COLUMN(), 4)),Dex!$A$2:$C294,3,false),"")} | D59: {=iferror(VLOOKUP(INDIRECT(ADDRESS(ROW()+1,COLUMN(), 4)),Dex!$A$2:$C294,3,false),"")} | E59: {=iferror(VLOOKUP(INDIRECT(ADDRESS(ROW()+1,COLUMN(), 4)),Dex!$A$2:$C294,3,false),"")} | F59: {=iferror(VLOOKUP(INDIRECT(ADDRESS(ROW()+1,COLUMN(), 4)),Dex!$A$2:$C294,3,false),"")} | G59: {=iferror(VLOOKUP(INDIRECT(ADDRESS(ROW()+1,COLUMN(), 4)),Dex!$A$2:$C294,3,false),"")} | H59: {=iferror(VLOOKUP("TRAINER_PIC_Sailor",Sprites!$A$1:$B294,2,false),"")}
B60: Meganium | C60: Wyrdeer | D60: Zebstrika | E60: Comfey
A61: Level | B61: 48 | C61: 48 | D61: 48 | E61: 48
A62: Held Item | B62: Custap Berry | C62: Tanga Berry | D62: Electric Gem | E62: Mental Herb
A63: Ability | B63: Overgrow | C63: Sap Sipper | D63: Sap Sipper | E63: Flower Veil
A64: Nature | B64: Jolly | C64: Adamant | D64: Jolly | E64: Jolly
A65: Moves | B65: Petal Blizzard | C65: High Jump Kick | D65: Wild Charge | E65: Petal Blizzard
B66: Light Screen | C66: High Horsepower | D66: Low Kick | E66: Follow Me
B67: Reflect | C67: Psyshield Bash | D67: Feint | E67: Floral Healing
B68: Endure | C68: Agility | D68: Magnet Rise | E68: Encore
A69: Slateport Museum
A70: Name | B70: Museum Team Aqua Grunt
A71: Pokémon | B71: {=iferror(VLOOKUP(INDIRECT(ADDRESS(ROW()+1,COLUMN(), 4)),Dex!$A$2:$C294,3,false),"")} | C71: {=iferror(VLOOKUP(INDIRECT(ADDRESS(ROW()+1,COLUMN(), 4)),Dex!$A$2:$C294,3,false),"")} | D71: {=iferror(VLOOKUP(INDIRECT(ADDRESS(ROW()+1,COLUMN(), 4)),Dex!$A$2:$C294,3,false),"")} | E71: {=iferror(VLOOKUP(INDIRECT(ADDRESS(ROW()+1,COLUMN(), 4)),Dex!$A$2:$C294,3,false),"")} | F71: {=iferror(VLOOKUP(INDIRECT(ADDRESS(ROW()+1,COLUMN(), 4)),Dex!$A$2:$C294,3,false),"")} | G71: {=iferror(VLOOKUP(INDIRECT(ADDRESS(ROW()+1,COLUMN(), 4)),Dex!$A$2:$C294,3,false),"")} | H71: {=iferror(VLOOKUP("TRAINER_PIC_Aqua_Grunt_M",Sprites!$A$1:$B294,2,false),"")}
B72: Basculin | C72: Seviper | D72: Liepard
A73: Level | B73: 48 | C73: 48 | D73: 48
A74: Held Item | B74: Choice Band | C74: Expert Belt | D74: Lum Berry
A75: Ability | B75: Reckless | C75: Shed Skin | D75: Prankster
A76: Nature | B76: Jolly | C76: Adamant | D76: Jolly
A77: Moves | B77: Wave Crash | C77: Aqua Tail | D77: Assist
B78: Double-Edge | C78: Poison Tail | D78: Encore
B79: Soak | C79: Dragon Tail | D79: Foul Play
B80: Substitute | C80: Iron Tail | D80: Thunder Wave
A81: Name | B81: Museum Team Aqua Elite Grunt
A82: Pokémon | B82: {=iferror(VLOOKUP(INDIRECT(ADDRESS(ROW()+1,COLUMN(), 4)),Dex!$A$2:$C294,3,false),"")} | C82: {=iferror(VLOOKUP(INDIRECT(ADDRESS(ROW()+1,COLUMN(), 4)),Dex!$A$2:$C294,3,false),"")} | D82: {=iferror(VLOOKUP(INDIRECT(ADDRESS(ROW()+1,COLUMN(), 4)),Dex!$A$2:$C294,3,false),"")} | E82: {=iferror(VLOOKUP(INDIRECT(ADDRESS(ROW()+1,COLUMN(), 4)),Dex!$A$2:$C294,3,false),"")} | F82: {=iferror(VLOOKUP(INDIRECT(ADDRESS(ROW()+1,COLUMN(), 4)),Dex!$A$2:$C294,3,false),"")} | G82: {=iferror(VLOOKUP(INDIRECT(ADDRESS(ROW()+1,COLUMN(), 4)),Dex!$A$2:$C294,3,false),"")} | H82: {=iferror(VLOOKUP("TRAINER_PIC_Aqua_Grunt_M",Sprites!$A$1:$B294,2,false),"")}
B83: Uxie | C83: Pangoro | D83: Tentacruel | E83: Banette-Mega
A84: Level | B84: 49 | C84: 49 | D84: 49 | E84: 50
A85: Held Item | B85: Leftovers | C85: Quick Claw | D85: White Herb | E85: Banettite
A86: Ability | B86: Levitate | C86: Iron Fist | D86: Clear Body | E86: Prankster
A87: Nature | B87: Timid | C87: Adamant | D87: Adamant | E87: Adamant
A88: Moves | B88: Stealth Rock | C88: Drain Punch | D88: Curse | E88: Will-O-Wisp
B89: Mystical Power | C89: Darkest Lariat | D89: Poison Jab | E89: Knock Off
B90: Thunder Wave | C90: Parting Shot | D90: Dive | E90: Substitute
B91: Memento | C91: Bullet Punch | D91: Mirror Coat | E91: Shadow Claw
A92: Icicle Cave
A93: Name | B93: Lass Haley
A94: Pokémon | B94: {=iferror(VLOOKUP(INDIRECT(ADDRESS(ROW()+1,COLUMN(), 4)),Dex!$A$2:$C294,3,false),"")} | C94: {=iferror(VLOOKUP(INDIRECT(ADDRESS(ROW()+1,COLUMN(), 4)),Dex!$A$2:$C294,3,false),"")} | D94: {=iferror(VLOOKUP(INDIRECT(ADDRESS(ROW()+1,COLUMN(), 4)),Dex!$A$2:$C294,3,false),"")} | E94: {=iferror(VLOOKUP(INDIRECT(ADDRESS(ROW()+1,COLUMN(), 4)),Dex!$A$2:$C294,3,false),"")} | F94: {=iferror(VLOOKUP(INDIRECT(ADDRESS(ROW()+1,COLUMN(), 4)),Dex!$A$2:$C294,3,false),"")} | G94: {=iferror(VLOOKUP(INDIRECT(ADDRESS(ROW()+1,COLUMN(), 4)),Dex!$A$2:$C294,3,false),"")} | H94: {=iferror(VLOOKUP("TRAINER_PIC_Lass",Sprites!$A$1:$B294,2,false),"")}
B95: Cryogonal | C95: Slowking | D95: Avalugg-Hisui | E95: Crabominable
A96: Level | B96: 50 | C96: 50 | D96: 50 | E96: 51
A97: Held Item | B97: Light Clay | C97: Leftovers | D97: Red Card | E97: Choice Band
A98: Ability | B98: Levitate | C98: Regenerator | D98: Sturdy | E98: Hyper Cutter
A99: Nature | B99: Naive | C99: Bold | D99: Adamant | E99: Adamant
A100: Moves | B100: Freeze-Dry | C100: Chilly Reception | D100: Avalanche | E100: Close Combat
B101: Aurora Veil | C101: Psyshock | D101: Stone Edge | E101: Ice Hammer
...

Sheet Norman Split
A2: Land Cave
A3: Name | B3: Land Cave Team Magma Grunt #1
A4: Pokémon | B4: {=iferror(VLOOKUP(INDIRECT(ADDRESS(ROW()+1,COLUMN(), 4)),Dex!$A$2:$C449,3,false),"")} | C4: {=iferror(VLOOKUP(INDIRECT(ADDRESS(ROW()+1,COLUMN(), 4)),Dex!$A$2:$C449,3,false),"")} | D4: {=iferror(VLOOKUP(INDIRECT(ADDRESS(ROW()+1,COLUMN(), 4)),Dex!$A$2:$C449,3,false),"")} | E4: {=iferror(VLOOKUP(INDIRECT(ADDRESS(ROW()+1,COLUMN(), 4)),Dex!$A$2:$C449,3,false),"")} | F4: {=iferror(VLOOKUP(INDIRECT(ADDRESS(ROW()+1,COLUMN(), 4)),Dex!$A$2:$C449,3,false),"")} | G4: {=iferror(VLOOKUP(INDIRECT(ADDRESS(ROW()+1,COLUMN(), 4)),Dex!$A$2:$C449,3,false),"")} | H4: {=iferror(VLOOKUP("TRAINER_PIC_Magma_Grunt_F",Sprites!$A$1:$B449,2,false),"")}
B5: Rapidash | C5: Lilligant | D5: Talonflame | E5: Tropius
A6: Level | B6: 60 | C6: 61 | D6: 61 | E6: 61
A7: Held Item | B7: Heat Rock | C7: Grass Gem | D7: Heat Rock | E7: Bright Powder
A8: Ability | B8: Flame Body | C8: Chlorophyll | D8: Flame Body | E8: Chlorophyll
A9: Nature | B9: Jolly | C9: Modest | D9: Jolly | E9: Adamant
A10: Moves | B10: Sunny Day | C10: Solar Beam | D10: Blaze Kick | E10: Earthquake
B11: Flare Blitz | C11: Weather Ball | D11: Dual Wingbeat | E11: Dragon Dance
B12: High Horsepower | C12: Grass Whistle | D12: Swords Dance | E12: Solar Blade
B13: Will-O-Wisp | C13: Dream Eater | D13: Sunny Day | E13: Dual Wingbeat
A14: Name | B14: Team Magma Grunt Croven
A15: Pokémon | B15: {=iferror(VLOOKUP(INDIRECT(ADDRESS(ROW()+1,COLUMN(), 4)),Dex!$A$2:$C449,3,false),"")} | C15: {=iferror(VLOOKUP(INDIRECT(ADDRESS(ROW()+1,COLUMN(), 4)),Dex!$A$2:$C449,3,false),"")} | D15: {=iferror(VLOOKUP(INDIRECT(ADDRESS(ROW()+1,COLUMN(), 4)),Dex!$A$2:$C449,3,false),"")} | E15: {=iferror(VLOOKUP(INDIRECT(ADDRESS(ROW()+1,COLUMN(), 4)),Dex!$A$2:$C449,3,false),"")} | F15: {=iferror(VLOOKUP(INDIRECT(ADDRESS(ROW()+1,COLUMN(), 4)),Dex!$A$2:$C449,3,false),"")} | G15: {=iferror(VLOOKUP(INDIRECT(ADDRESS(ROW()+1,COLUMN(), 4)),Dex!$A$2:$C449,3,false),"")} | H15: {=iferror(VLOOKUP("TRAINER_PIC_Magma_Grunt_M",Sprites!$A$1:$B449,2,false),"")}
B16: Torkoal | C16: Exeggutor | D16: Centiskorch | E16: Togekiss
A17: Level | B17: 61 | C17: 61 | D17: 62 | E17: 62
A18: Held Item | B18: Heat Rock | C18: Focus Band | D18: Leftovers | E18: Scope Lens
A19: Ability | B19: Drought | C19: Chlorophyll | D19: Flash Fire | E19: Super Luck
A20: Nature | B20: Modest | C20: Timid | D20: Adamant | E20: Timid
A21: Moves | B21: Stealth Rock | C21: Solar Beam | D21: Coil | E21: Flamethrower
B22: Explosion | C22: Psychic | D22: Leech Life | E22: Morning Sun
B23: Flamethrower | C23: Sunny Day | D23: Fire Lash | E23: Air Cutter
B24: Solar Beam | C24: Explosion | D24: Power Whip | E24: Aura Sphere
A25: Name | B25: Land Cave Team Magma Grunt #3
A26: Pokémon | B26: {=iferror(VLOOKUP(INDIRECT(ADDRESS(ROW()+1,COLUMN(), 4)),Dex!$A$2:$C449,3,false),"")} | C26: {=iferror(VLOOKUP(INDIRECT(ADDRESS(ROW()+1,COLUMN(), 4)),Dex!$A$2:$C449,3,false),"")} | D26: {=iferror(VLOOKUP(INDIRECT(ADDRESS(ROW()+1,COLUMN(), 4)),Dex!$A$2:$C449,3,false),"")} | E26: {=iferror(VLOOKUP(INDIRECT(ADDRESS(ROW()+1,COLUMN(), 4)),Dex!$A$2:$C449,3,false),"")} | F26: {=iferror(VLOOKUP(INDIRECT(ADDRESS(ROW()+1,COLUMN(), 4)),Dex!$A$2:$C449,3,false),"")} | G26: {=iferror(VLOOKUP(INDIRECT(ADDRESS(ROW()+1,COLUMN(), 4)),Dex!$A$2:$C449,3,false),"")} | H26: {=iferror(VLOOKUP("TRAINER_PIC_Magma_Grunt_F",Sprites!$A$1:$B449,2,false),"")}
B27: Nidoking | C27: Scream Tail | D27: Rhydon | E27: Simisear
A28: Level | B28: 61 | C28: 62 | D28: 61 | E28: 61
A29: Held Item | B29: King's Rock | C29: Booster Energy | D29: Bright Powder | E29: Focus Band
A30: Ability | B30: Poison Point | C30: Protosynthesis | D30: Reckless | E30: Blaze
A31: Nature | B31: Jolly | C31: Modest | D31: Adamant | E31: Timid
A32: Moves | B32: Rock Blast | C32: Misty Explosion | D32: Head Smash | E32: Flamethrower
B33: Poison Jab | D33: Stealth Rock | E33: Fire Spin
B34: Fire Punch | D34: Drill Run | E34: Endeavor
B35: Sucker Punch | D35: Double-Edge | E35: Grass Knot
A36: Name | B36: Land Cave Team Magma Grunt #4
A37: Pokémon | B37: {=iferror(VLOOKUP(INDIRECT(ADDRESS(ROW()+1,COLUMN(), 4)),Dex!$A$2:$C449,3,false),"")} | C37: {=iferror(VLOOKUP(INDIRECT(ADDRESS(ROW()+1,COLUMN(), 4)),Dex!$A$2:$C449,3,false),"")} | D37: {=iferror(VLOOKUP(INDIRECT(ADDRESS(ROW()+1,COLUMN(), 4)),Dex!$A$2:$C449,3,false),"")} | E37: {=iferror(VLOOKUP(INDIRECT(ADDRESS(ROW()+1,COLUMN(), 4)),Dex!$A$2:$C449,3,false),"")} | F37: {=iferror(VLOOKUP(INDIRECT(ADDRESS(ROW()+1,COLUMN(), 4)),Dex!$A$2:$C449,3,false),"")} | G37: {=iferror(VLOOKUP(INDIRECT(ADDRESS(ROW()+1,COLUMN(), 4)),Dex!$A$2:$C449,3,false),"")} | H37: {=iferror(VLOOKUP("TRAINER_PIC_Magma_Grunt_M",Sprites!$A$1:$B449,2,false),"")}
B38: Skuntank | C38: Falinks | D38: Charizard | E38: Emboar
A39: Level | B39: 61 | C39: 62 | D39: 62 | E39: 62
A40: Held Item | B40: Rowap Berry | C40: Leftovers | D40: Heavy-Duty Boots | E40: Quick Claw
A41: Ability | B41: Aftermath | C41: Battle Armor | D41: Blaze | E41: Reckless
A42: Nature | B42: Hasty | C42: Impish | D42: Timid | E42: Adamant
A43: Moves | B43: Flamethrower | C43: First Impression | D43: Heat Wave | E43: Flare Blitz
B44: Poison Jab | C44: Body Press | D44: Ancient Power | E44: Wild Charge
B45: Dark Pulse | C45: Bulk Up | D45: Roost | E45: Head Smash
B46: Explosion | C46: Rock Slide | D46: Will-O-Wisp | E46: Take Down
A47: Name | B47: Land Cave Team Magma Elite Grunt
A48: Pokémon | B48: {=iferror(VLOOKUP(INDIRECT(ADDRESS(ROW()+1,COLUMN(), 4)),Dex!$A$2:$C449,3,false),"")} | C48: {=iferror(VLOOKUP(INDIRECT(ADDRESS(ROW()+1,COLUMN(), 4)),Dex!$A$2:$C449,3,false),"")} | D48: {=iferror(VLOOKUP(INDIRECT(ADDRESS(ROW()+1,COLUMN(), 4)),Dex!$A$2:$C449,3,false),"")} | E48: {=iferror(VLOOKUP(INDIRECT(ADDRESS(ROW()+1,COLUMN(), 4)),Dex!$A$2:$C449,3,false),"")} | F48: {=iferror(VLOOKUP(INDIRECT(ADDRESS(ROW()+1,COLUMN(), 4)),Dex!$A$2:$C449,3,false),"")} | G48: {=iferror(VLOOKUP(INDIRECT(ADDRESS(ROW()+1,COLUMN(), 4)),Dex!$A$2:$C449,3,false),"")} | H48: {=iferror(VLOOKUP("TRAINER_PIC_Magma_Grunt_F",Sprites!$A$1:$B449,2,false),"")}
B49: Heatmor | C49: Nidoqueen | D49: Mabosstiff | E49: Rapidash-Galar | F49: Pidgeot-Mega
A50: Level | B50: 63 | C50: 62 | D50: 63 | E50: 63 | F50: 64
A51: Held Item | B51: Salac Berry | C51: Ground Gem | D51: Red Card | E51: Sitrus Berry | F51: Pidgeotite
A52: Ability | B52: Gluttony | C52: Sheer Force | D52: Stakeout | E52: Pastel Veil | F52: No Guard
A53: Nature | B53: Adamant | C53: Timid | D53: Adamant | E53: Jolly | F53: Timid
A54: Moves | B54: Fire Lash | C54: Earth Power | D54: Lash Out | E54: Zen Headbutt | F54: Hurricane
B55: Power-Up Punch | C55: Ice Beam | D55: Destiny Bond | E55: Play Rough | F55: Heat Wave
B56: Low Kick | C56: Stealth Rock | D56: Psychic Fangs | E56: Hypnosis | F56: Roost
B57: Thunder Punch | C57: Flamethrower | D57: Roar | E57: Swords Dance | F57: Hidden Power Water
A58: Name | B58: Team Magma Admin Courtney 1
A59: Pokémon | B59: {=iferror(VLOOKUP(INDIRECT(ADDRESS(ROW()+1,COLUMN(), 4)),Dex!$A$2:$C449,3,false),"")} | C59: {=iferror(VLOOKUP(INDIRECT(ADDRESS(ROW()+1,COLUMN(), 4)),Dex!$A$2:$C449,3,false),"")} | D59: {=iferror(VLOOKUP(INDIRECT(ADDRESS(ROW()+1,COLUMN(), 4)),Dex!$A$2:$C449,3,false),"")} | E59: {=iferror(VLOOKUP(INDIRECT(ADDRESS(ROW()+1,COLUMN(), 4)),Dex!$A$2:$C449,3,false),"")} | F59: {=iferror(VLOOKUP(INDIRECT(ADDRESS(ROW()+1,COLUMN(), 4)),Dex!$A$2:$C449,3,false),"")} | G59: {=iferror(VLOOKUP(INDIRECT(ADDRESS(ROW()+1,COLUMN(), 4)),Dex!$A$2:$C449,3,false),"")} | H59: {=iferror(VLOOKUP("TRAINER_PIC_Magma_Admin_F",Sprites!$A$1:$B449,2,false),"")}
B60: Camerupt-Mega | C60: Exeggutor-Alola | D60: Muk | E60: Moltres | F60: Dusclops | G60: Slither Wing
A61: Level | B61: 63 | C61: 63 | D61: 63 | E61: 64 | F61: 63 | G61: 66
A62: Held Item | B62: Cameruptite | C62: Sitrus Berry | D62: Shuca Berry | E62: Power Herb | F62: Eviolite | G62: Coba Berry
A63: Ability | B63: Sheer Force | C63: Harvest | D63: Poison Touch | E63: Flame Body | F63: Pressure | G63: Protosynthesis
A64: Nature | B64: Bold | C64: Modest | D64: Adamant | E64: Timid | F64: Impish | G64: Jolly
A65: Moves | B65: Stealth Rock | C65: Flamethrower | D65: Explosion | E65: Solar Beam | F65: Will-O-Wisp | G65: Low Kick
B66: Magma Storm | C66: Substitute | D66: Poison Jab | E66: Air Slash | F66: Pain Split | G66: Leech Life
B67: Earth Power | C67: Energy Ball | D67: Fire Punch | E67: Flamethrower | F67: Seismic Toss | G67: Ice Spinner
B68: Yawn | C68: Dragon Pulse | D68: Drain Punch | E68: Roost | F68: Infestation | G68: Victory Dance
A69: Route 110
A70: Name | B70: Psychic Jaclyn
A71: Pokémon | B71: {=iferror(VLOOKUP(INDIRECT(ADDRESS(ROW()+1,COLUMN(), 4)),Dex!$A$2:$C449,3,false),"")} | C71: {=iferror(VLOOKUP(INDIRECT(ADDRESS(ROW()+1,COLUMN(), 4)),Dex!$A$2:$C449,3,false),"")} | D71: {=iferror(VLOOKUP(INDIRECT(ADDRESS(ROW()+1,COLUMN(), 4)),Dex!$A$2:$C449,3,false),"")} | E71: {=iferror(VLOOKUP(INDIRECT(ADDRESS(ROW()+1,COLUMN(), 4)),Dex!$A$2:$C449,3,false),"")} | F71: {=iferror(VLOOKUP(INDIRECT(ADDRESS(ROW()+1,COLUMN(), 4)),Dex!$A$2:$C449,3,false),"")} | G71: {=iferror(VLOOKUP(INDIRECT(ADDRESS(ROW()+1,COLUMN(), 4)),Dex!$A$2:$C449,3,false),"")} | H71: {=iferror(VLOOKUP("TRAINER_PIC_Psychic_F",Sprites!$A$1:$B449,2,false),"")}
B72: Claydol | C72: Noctowl | D72: Espathra | E72: Gallade
A73: Level | B73: 63 | C73: 63 | D73: 64 | E73: 64
A74: Held Item | B74: Mental Herb | C74: Choice Specs | D74: Psychic Gem | E74: Sitrus Berry
A75: Ability | B75: Levitate | C75: Tinted Lens | D75: Speed Boost | E75: Sharpness
A76: Nature | B76: Relaxed | C76: Timid | D76: Modest | E76: Jolly
A77: Moves | B77: Stealth Rock | C77: Hurricane | D77: Protect | E77: Psycho Cut
B78: Power Split | D78: Calm Mind | E78: Sacred Sword
B79: Earthquake | D79: Stored Power | E79: Night Slash
B80: Psychic | D80: Energy Ball | E80: Leaf Blade
A81: Name | B81: Triathlete Abigail
A82: Pokémon | B82: {=iferror(VLOOKUP(INDIRECT(ADDRESS(ROW()+1,COLUMN(), 4)),Dex!$A$2:$C449,3,false),"")} | C82: {=iferror(VLOOKUP(INDIRECT(ADDRESS(ROW()+1,COLUMN(), 4)),Dex!$A$2:$C449,3,false),"")} | D82: {=iferror(VLOOKUP(INDIRECT(ADDRESS(ROW()+1,COLUMN(), 4)),Dex!$A$2:$C449,3,false),"")} | E82: {=iferror(VLOOKUP(INDIRECT(ADDRESS(ROW()+1,COLUMN(), 4)),Dex!$A$2:$C449,3,false),"")} | F82: {=iferror(VLOOKUP(INDIRECT(ADDRESS(ROW()+1,COLUMN(), 4)),Dex!$A$2:$C449,3,false),"")} | G82: {=iferror(VLOOKUP(INDIRECT(ADDRESS(ROW()+1,COLUMN(), 4)),Dex!$A$2:$C449,3,false),"")} | H82: {=iferror(VLOOKUP("TRAINER_PIC_Cycling_Triathlete_F",Sprites!$A$1:$B449,2,false),"")}
B83: Sandaconda | C83: Vileplume | D83: Dodrio | E83: Stantler
A84: Level | B84: 63 | C84: 63 | D84: 64 | E84: 64
A85: Held Item | B85: Yache Berry | C85: Black Sludge | D85: Focus Sash | E85: Eviolite
A86: Ability | B86: Shed Skin | C86: Intimidate | D86: Tangled Feet | E86: Intimidate
A87: Nature | B87: Adamant | C87: Modest | D87: Jolly | E87: Adamant
A88: Moves | B88: Earthquake | C88: Sleep Powder | D88: Thrash | E88: Curse
B89: Glare | C89: Sludge Bomb | D89: Drill Peck | E89: Rest
B90: Rock Slide | C90: Energy Ball | D90: Drill Run | E90: Return
B91: Rest | C91: Strength Sap | D91: Mirror Move | E91: High Jump Kick
A92: Name | B92: Triathlete Benjamin & Triathlete Alyssa [Double]
A93: Pokémon | B93: {=iferror(VLOOKUP(INDIRECT(ADDRESS(ROW()+1,COLUMN(), 4)),Dex!$A$2:$C449,3,false),"")} | C93: {=iferror(VLOOKUP(INDIRECT(ADDRESS(ROW()+1,COLUMN(), 4)),Dex!$A$2:$C449,3,false),"")} | D93: {=iferror(VLOOKUP(INDIRECT(ADDRESS(ROW()+1,COLUMN(), 4)),Dex!$A$2:$C449,3,false),"")} | E93: {=iferror(VLOOKUP(INDIRECT(ADDRESS(ROW()+1,COLUMN(), 4)),Dex!$A$2:$C449,3,false),"")} | F93: {=iferror(VLOOKUP(INDIRECT(ADDRESS(ROW()+1,COLUMN(), 4)),Dex!$A$2:$C449,3,false),"")} | G93: {=iferror(VLOOKUP(INDIRECT(ADDRESS(ROW()+1,COLUMN(), 4)),Dex!$A$2:$C449,3,false),"")} | H93: {=iferror(VLOOKUP("TRAINER_PIC_Cycling_Triathlete_M",Sprites!$A$1:$B449,2,false),"")}
B94: Eiscue | C94: Delibird | D94: Raichu-Mega-X | E94: Ninetales-Alola | F94: Raichu-Mega-Y
A95: Level | B95: 63 | C95: 63 | D95: 64 | E95: 63 | F95: 64
A96: Held Item | B96: Occa Berry | C96: Light Clay | D96: Raichunite X | E96: Icy Rock | F96: Raichunite Y
A97: Ability | B97: Ice Face | C97: Hustle | D97: Motor Drive | E97: Snow Warning | F97: Volt Absorb
A98: Nature | B98: Careful | C98: Jolly | D98: Impish | E98: Timid | F98: Timid
A99: Moves | B99: Ice Spinner | C99: Fake Out | D99: Fake Out | E99: Ice Beam | F99: Thunderbolt
B100: Flip Turn | C100: Acupressure | D100: Fake Tears | E100: Moonblast | F100: Discharge
B101: Soak | C101: Ice Punch | D101: Nuzzle | E101: Chilling Water | F101: Grass Knot
...

Sheet Flannery Split
A2: Route 111
A3: Name | B3: Winstrate Victor
A4: Pokémon | B4: {=iferror(VLOOKUP(INDIRECT(ADDRESS(ROW()+1,COLUMN(), 4)),Dex!$A$2:$C526,3,false),"")} | C4: {=iferror(VLOOKUP(INDIRECT(ADDRESS(ROW()+1,COLUMN(), 4)),Dex!$A$2:$C526,3,false),"")} | D4: {=iferror(VLOOKUP(INDIRECT(ADDRESS(ROW()+1,COLUMN(), 4)),Dex!$A$2:$C526,3,false),"")} | E4: {=iferror(VLOOKUP(INDIRECT(ADDRESS(ROW()+1,COLUMN(), 4)),Dex!$A$2:$C526,3,false),"")} | F4: {=iferror(VLOOKUP(INDIRECT(ADDRESS(ROW()+1,COLUMN(), 4)),Dex!$A$2:$C526,3,false),"")} | G4: {=iferror(VLOOKUP(INDIRECT(ADDRESS(ROW()+1,COLUMN(), 4)),Dex!$A$2:$C526,3,false),"")} | H4: {=iferror(VLOOKUP("TRAINER_PIC_Pokefan_M",Sprites!$A$1:$B526,2,false),"")}
B5: Linoone | C5: Obstagoon
A6: Level | B6: 66 | C6: 66
A7: Held Item | B7: Toxic Orb | C7: Flame Orb
A8: Ability | B8: Quick Feet | C8: Guts
A9: Nature | B9: Adamant | C9: Adamant
A10: Moves | B10: Protect | C10: Obstruct
B11: Facade | C11: Sucker Punch
B12: Belly Drum | C12: Knock Off
B13: Extreme Speed | C13: Facade
A14: Name | B14: Winstrate Victoria
A15: Pokémon | B15: {=iferror(VLOOKUP(INDIRECT(ADDRESS(ROW()+1,COLUMN(), 4)),Dex!$A$2:$C526,3,false),"")} | C15: {=iferror(VLOOKUP(INDIRECT(ADDRESS(ROW()+1,COLUMN(), 4)),Dex!$A$2:$C526,3,false),"")} | D15: {=iferror(VLOOKUP(INDIRECT(ADDRESS(ROW()+1,COLUMN(), 4)),Dex!$A$2:$C526,3,false),"")} | E15: {=iferror(VLOOKUP(INDIRECT(ADDRESS(ROW()+1,COLUMN(), 4)),Dex!$A$2:$C526,3,false),"")} | F15: {=iferror(VLOOKUP(INDIRECT(ADDRESS(ROW()+1,COLUMN(), 4)),Dex!$A$2:$C526,3,false),"")} | G15: {=iferror(VLOOKUP(INDIRECT(ADDRESS(ROW()+1,COLUMN(), 4)),Dex!$A$2:$C526,3,false),"")} | H15: {=iferror(VLOOKUP("TRAINER_PIC_Pokefan_F",Sprites!$A$1:$B526,2,false),"")}
B16: Roserade | C16: Blissey | D16: Vespiquen
A17: Level | B17: 66 | C17: 66 | D17: 67
A18: Held Item | B18: Grass Gem | C18: Leftovers | D18: Leftovers
A19: Ability | B19: Poison Point | C19: Natural Cure | D19: Pressure
A20: Nature | B20: Timid | C20: Bold | D20: Relaxed
A21: Moves | B21: Leaf Storm | C21: Hyper Voice | D21: Infestation
B22: Sludge Bomb | C22: Seismic Toss | D22: Heal Order
B23: Synthesis | C23: Protect | D23: Toxic
B24: Water Sport | C24: Soft-Boiled | D24: Attack Order
A25: Name | B25: Winstrate Vivi
A26: Pokémon | B26: {=iferror(VLOOKUP(INDIRECT(ADDRESS(ROW()+1,COLUMN(), 4)),Dex!$A$2:$C526,3,false),"")} | C26: {=iferror(VLOOKUP(INDIRECT(ADDRESS(ROW()+1,COLUMN(), 4)),Dex!$A$2:$C526,3,false),"")} | D26: {=iferror(VLOOKUP(INDIRECT(ADDRESS(ROW()+1,COLUMN(), 4)),Dex!$A$2:$C526,3,false),"")} | E26: {=iferror(VLOOKUP(INDIRECT(ADDRESS(ROW()+1,COLUMN(), 4)),Dex!$A$2:$C526,3,false),"")} | F26: {=iferror(VLOOKUP(INDIRECT(ADDRESS(ROW()+1,COLUMN(), 4)),Dex!$A$2:$C526,3,false),"")} | G26: {=iferror(VLOOKUP(INDIRECT(ADDRESS(ROW()+1,COLUMN(), 4)),Dex!$A$2:$C526,3,false),"")} | H26: {=iferror(VLOOKUP("TRAINER_PIC_Lass",Sprites!$A$1:$B526,2,false),"")}
B27: Vivillon | C27: Azumarill | D27: Breloom
A28: Level | B28: 67 | C28: 66 | D28: 66
A29: Held Item | B29: Wacan Berry | C29: Shell Bell | D29: Toxic Orb
A30: Ability | B30: Shield Dust | C30: Huge Power | D30: Poison Heal
A31: Nature | B31: Timid | C31: Jolly | D31: Jolly
A32: Moves | B32: Powder | C32: Aqua Tail | D32: Drain Punch
B33: Sleep Powder | C33: Play Rough | D33: Spore
B34: Bug Buzz | C34: Superpower | D34: Rock Slide
B35: Tailwind | C35: Ice Spinner | D35: Substitute
A36: Name | B36: Winstrate Vicky
A37: Pokémon | B37: {=iferror(VLOOKUP(INDIRECT(ADDRESS(ROW()+1,COLUMN(), 4)),Dex!$A$2:$C526,3,false),"")} | C37: {=iferror(VLOOKUP(INDIRECT(ADDRESS(ROW()+1,COLUMN(), 4)),Dex!$A$2:$C526,3,false),"")} | D37: {=iferror(VLOOKUP(INDIRECT(ADDRESS(ROW()+1,COLUMN(), 4)),Dex!$A$2:$C526,3,false),"")} | E37: {=iferror(VLOOKUP(INDIRECT(ADDRESS(ROW()+1,COLUMN(), 4)),Dex!$A$2:$C526,3,false),"")} | F37: {=iferror(VLOOKUP(INDIRECT(ADDRESS(ROW()+1,COLUMN(), 4)),Dex!$A$2:$C526,3,false),"")} | G37: {=iferror(VLOOKUP(INDIRECT(ADDRESS(ROW()+1,COLUMN(), 4)),Dex!$A$2:$C526,3,false),"")} | H37: {=iferror(VLOOKUP("TRAINER_PIC_Expert_F",Sprites!$A$1:$B526,2,false),"")}
B38: Camerupt | C38: Vigoroth | D38: Lilligant-Hisui | E38: Vaporeon | F38: Victini | G38: Medicham-Mega
A39: Level | B39: 67 | C39: 67 | D39: 68 | E39: 67 | F39: 69 | G39: 70
A40: Held Item | B40: Sitrus Berry | C40: Choice Band | D40: Wide Lens | E40: Leftovers | F40: Bug Gem | G40: Medichamite
A41: Ability | B41: Solid Rock | C41: Vital Spirit | D41: Hustle | E41: Water Absorb | F41: Victory Star | G41: Pure Power
A42: Nature | B42: Quiet | C42: Jolly | D42: Jolly | E42: Relaxed | F42: Hasty | G42: Jolly
A43: Moves | B43: Stealth Rock | C43: Retaliate | D43: Victory Dance | E43: Scald | F43: Searing Shot | G43: Fake Out
B44: Explosion | D44: Close Combat | E44: Ice Beam | F44: Energy Ball | G44: High Jump Kick
B45: Eruption | D45: Leaf Blade | E45: Toxic | F45: Encore | G45: Psycho Cut
B46: Earthquake | D46: Triple Axel | E46: Wish | F46: U-Turn | G46: Poison Jab
A47: Name | B47: Picnicker Irene
A48: Pokémon | B48: {=iferror(VLOOKUP(INDIRECT(ADDRESS(ROW()+1,COLUMN(), 4)),Dex!$A$2:$C526,3,false),"")} | C48: {=iferror(VLOOKUP(INDIRECT(ADDRESS(ROW()+1,COLUMN(), 4)),Dex!$A$2:$C526,3,false),"")} | D48: {=iferror(VLOOKUP(INDIRECT(ADDRESS(ROW()+1,COLUMN(), 4)),Dex!$A$2:$C526,3,false),"")} | E48: {=iferror(VLOOKUP(INDIRECT(ADDRESS(ROW()+1,COLUMN(), 4)),Dex!$A$2:$C526,3,false),"")} | F48: {=iferror(VLOOKUP(INDIRECT(ADDRESS(ROW()+1,COLUMN(), 4)),Dex!$A$2:$C526,3,false),"")} | G48: {=iferror(VLOOKUP(INDIRECT(ADDRESS(ROW()+1,COLUMN(), 4)),Dex!$A$2:$C526,3,false),"")} | H48: {=iferror(VLOOKUP("TRAINER_PIC_Picnicker",Sprites!$A$1:$B526,2,false),"")}
B49: Cacturne | C49: Dracozolt | D49: Gastrodon | E49: Sigilyph
A50: Level | B50: 67 | C50: 68 | D50: 67 | E50: 67
A51: Held Item | B51: Bright Powder | C51: Steel Gem | D51: Rindo Berry | E51: Life Orb
A52: Ability | B52: Sand Veil | C52: Sand Rush | D52: Sand Force | E52: Magic Guard
A53: Nature | B53: Brave | C53: Adamant | D53: Quiet | E53: Timid
A54: Moves | B54: Knock Off | C54: Bolt Beak | D54: Ice Beam | E54: Air Slash
B55: Giga Drain | C55: Iron Tail | D55: Ancient Power | E55: Heat Wave
B56: Leech Seed | C56: Dragon Claw | D56: Earthquake | E56: Hypnosis
B57: Spiky Shield | C57: Fire Spin | D57: Recover | E57: Dream Eater
A58: Name | B58: Camper Travis
A59: Pokémon | B59: {=iferror(VLOOKUP(INDIRECT(ADDRESS(ROW()+1,COLUMN(), 4)),Dex!$A$2:$C526,3,false),"")} | C59: {=iferror(VLOOKUP(INDIRECT(ADDRESS(ROW()+1,COLUMN(), 4)),Dex!$A$2:$C526,3,false),"")} | D59: {=iferror(VLOOKUP(INDIRECT(ADDRESS(ROW()+1,COLUMN(), 4)),Dex!$A$2:$C526,3,false),"")} | E59: {=iferror(VLOOKUP(INDIRECT(ADDRESS(ROW()+1,COLUMN(), 4)),Dex!$A$2:$C526,3,false),"")} | F59: {=iferror(VLOOKUP(INDIRECT(ADDRESS(ROW()+1,COLUMN(), 4)),Dex!$A$2:$C526,3,false),"")} | G59: {=iferror(VLOOKUP(INDIRECT(ADDRESS(ROW()+1,COLUMN(), 4)),Dex!$A$2:$C526,3,false),"")} | H59: {=iferror(VLOOKUP("TRAINER_PIC_Camper",Sprites!$A$1:$B526,2,false),"")}
B60: Regirock | C60: Wormadam | D60: Excadrill | E60: Mandibuzz | F60: Lycanroc
A61: Level | B61: 67 | C61: 67 | D61: 68 | E61: 67 | F61: 67
A62: Held Item | B62: Iapapa Berry | C62: Grass Gem | D62: Clear Amulet | E62: Leftovers | F62: Choice Band
A63: Ability | B63: Sturdy | C63: Overcoat | D63: Sand Rush | E63: Overcoat | F63: Sand Rush
A64: Nature | B64: Careful | C64: Modest | D64: Adamant | E64: Relaxed | F64: Adamant
A65: Moves | B65: Stealth Rock | C65: Leaf Storm | D65: Earthquake | E65: Roost | F65: Stone Edge
B66: Counter | C66: Weather Ball | D66: Iron Head | E66: Toxic
B67: Rock Tomb | C67: Sleep Powder | D67: Rock Slide | E67: Knock Off
B68: Thunder Wave | C68: Protect | D68: Hone Claws | E68: Heat Wave
A69: Name | B69: Ruin Maniac Dusty
A70: Pokémon | B70: {=iferror(VLOOKUP(INDIRECT(ADDRESS(ROW()+1,COLUMN(), 4)),Dex!$A$2:$C526,3,false),"")} | C70: {=iferror(VLOOKUP(INDIRECT(ADDRESS(ROW()+1,COLUMN(), 4)),Dex!$A$2:$C526,3,false),"")} | D70: {=iferror(VLOOKUP(INDIRECT(ADDRESS(ROW()+1,COLUMN(), 4)),Dex!$A$2:$C526,3,false),"")} | E70: {=iferror(VLOOKUP(INDIRECT(ADDRESS(ROW()+1,COLUMN(), 4)),Dex!$A$2:$C526,3,false),"")} | F70: {=iferror(VLOOKUP(INDIRECT(ADDRESS(ROW()+1,COLUMN(), 4)),Dex!$A$2:$C526,3,false),"")} | G70: {=iferror(VLOOKUP(INDIRECT(ADDRESS(ROW()+1,COLUMN(), 4)),Dex!$A$2:$C526,3,false),"")} | H70: {=iferror(VLOOKUP("TRAINER_PIC_Ruin_Maniac",Sprites!$A$1:$B526,2,false),"")}
B71: Bastiodon | C71: Heliolisk | D71: Sandslash | E71: Torterra | F71: Steelix-Mega
A72: Level | B72: 67 | C72: 67 | D72: 68 | E72: 68 | F72: 68
A73: Held Item | B73: Red Card | C73: Bright Powder | D73: Soft Sand | E73: Yache Berry | F73: Steelixite
A74: Ability | B74: Sturdy | C74: Sand Veil | D74: Sand Rush | E74: Overgrow | F74: Sand Force
A75: Nature | B75: Careful | C75: Timid | D75: Jolly | E75: Jolly | F75: Brave
A76: Moves | B76: Body Press | C76: Mud-Slap | D76: Swords Dance | E76: Shell Smash | F76: Stone Edge
B77: Foul Play | C77: Thunderbolt | D77: Precipice Blades | E77: Seed Bomb | F77: Stomping Tantrum
B78: Metal Burst | C78: Grass Knot | D78: X-Scissor | E78: Earthquake | F78: Gyro Ball
B79: Stealth Rock | C79: Thunder Wave | D79: Rock Slide | E79: Rock Slide | F79: Curse
A80: Name | B80: Picnicker Becky
A81: Pokémon | B81: {=iferror(VLOOKUP(INDIRECT(ADDRESS(ROW()+1,COLUMN(), 4)),Dex!$A$2:$C526,3,false),"")} | C81: {=iferror(VLOOKUP(INDIRECT(ADDRESS(ROW()+1,COLUMN(), 4)),Dex!$A$2:$C526,3,false),"")} | D81: {=iferror(VLOOKUP(INDIRECT(ADDRESS(ROW()+1,COLUMN(), 4)),Dex!$A$2:$C526,3,false),"")} | E81: {=iferror(VLOOKUP(INDIRECT(ADDRESS(ROW()+1,COLUMN(), 4)),Dex!$A$2:$C526,3,false),"")} | F81: {=iferror(VLOOKUP(INDIRECT(ADDRESS(ROW()+1,COLUMN(), 4)),Dex!$A$2:$C526,3,false),"")} | G81: {=iferror(VLOOKUP(INDIRECT(ADDRESS(ROW()+1,COLUMN(), 4)),Dex!$A$2:$C526,3,false),"")} | H81: {=iferror(VLOOKUP("TRAINER_PIC_Picnicker",Sprites!$A$1:$B526,2,false),"")}
B82: Aerodactyl | C82: Dracovish | D82: Carracosta | E82: Tyrantrum | F82: Aurorus
A83: Level | B83: 67 | C83: 68 | D83: 68 | E83: 68 | F83: 67
A84: Held Item | B84: Power Herb | C84: Water Gem | D84: Leftovers | E84: Razor Fang | F84: Ice Gem
A85: Ability | B85: Unnerve | C85: Sand Rush | D85: Solid Rock | E85: Strong Jaw | F85: Refrigerate
A86: Nature | B86: Jolly | C86: Jolly | D86: Adamant | E86: Jolly | F86: Modest
A87: Moves | B87: Stealth Rock | C87: Fishious Rend | D87: Stealth Rock | E87: Dragon Dance | F87: Hyper Voice
B88: Sky Attack | C88: Ice Fang | D88: Liquidation | E88: Ice Fang | F88: Weather Ball
B89: Rock Slide | C89: Psychic Fangs | D89: Rock Tomb | E89: Fire Fang | F89: Freeze-Dry
B90: Earthquake | C90: Outrage | D90: Knock Off | E90: Psychic Fangs | F90: Earth Power
A91: Name | B91: Picnicker Heidi & Ruin Maniac Bryan [Double]
A92: Pokémon | B92: {=iferror(VLOOKUP(INDIRECT(ADDRESS(ROW()+1,COLUMN(), 4)),Dex!$A$2:$C526,3,false),"")} | C92: {=iferror(VLOOKUP(INDIRECT(ADDRESS(ROW()+1,COLUMN(), 4)),Dex!$A$2:$C526,3,false),"")} | D92: {=iferror(VLOOKUP(INDIRECT(ADDRESS(ROW()+1,COLUMN(), 4)),Dex!$A$2:$C526,3,false),"")} | E92: {=iferror(VLOOKUP(INDIRECT(ADDRESS(ROW()+1,COLUMN(), 4)),Dex!$A$2:$C526,3,false),"")} | F92: {=iferror(VLOOKUP(INDIRECT(ADDRESS(ROW()+1,COLUMN(), 4)),Dex!$A$2:$C526,3,false),"")} | G92: {=iferror(VLOOKUP(INDIRECT(ADDRESS(ROW()+1,COLUMN(), 4)),Dex!$A$2:$C526,3,false),"")} | H92: {=iferror(VLOOKUP("TRAINER_PIC_Picnicker",Sprites!$A$1:$B526,2,false),"")}
B93: Stonjourner | C93: Flygon | E93: Stoutland | F93: Arcanine-Hisui | G93: Zygarde-10%
A94: Level | B94: 68 | C94: 67 | E94: 68 | F94: 68 | G94: 69
A95: Held Item | B95: Assault Vest | C95: Focus Sash | E95: Normal Gem | F95: Leftovers | G95: Soft Sand
A96: Ability | B96: Power Spot | C96: Levitate | E96: Sand Rush | F96: Intimidate | G96: Aura Break
A97: Nature | B97: Careful | C97: Hasty | E97: Jolly | F97: Jolly | G97: Jolly
A98: Moves | B98: Rock Smash | C98: Helping Hand | E98: Double-Edge | F98: Stone Edge | G98: Thousand Waves
B99: Rock Slide | C99: Breaking Swipe | E99: Superpower | F99: Raging Fury | G99: Rock Slide
B100: Low Kick | C100: Fire Punch | E100: Work Up | F100: Will-O-Wisp | G100: Outrage
B101: Feint | C101: Earth Power | E101: Last Resort | F101: Wild Charge | G101: Glare
...

Sheet Winona Split
A2: Route 118
A3: Name | B3: Fisherman Ordeaux
A4: Pokémon | B4: {=iferror(VLOOKUP(INDIRECT(ADDRESS(ROW()+1,COLUMN(), 4)),Dex!$A$2:$C493,3,false),"")} | C4: {=iferror(VLOOKUP(INDIRECT(ADDRESS(ROW()+1,COLUMN(), 4)),Dex!$A$2:$C493,3,false),"")} | D4: {=iferror(VLOOKUP(INDIRECT(ADDRESS(ROW()+1,COLUMN(), 4)),Dex!$A$2:$C493,3,false),"")} | E4: {=iferror(VLOOKUP(INDIRECT(ADDRESS(ROW()+1,COLUMN(), 4)),Dex!$A$2:$C493,3,false),"")} | F4: {=iferror(VLOOKUP(INDIRECT(ADDRESS(ROW()+1,COLUMN(), 4)),Dex!$A$2:$C493,3,false),"")} | G4: {=iferror(VLOOKUP(INDIRECT(ADDRESS(ROW()+1,COLUMN(), 4)),Dex!$A$2:$C493,3,false),"")} | H4: {=iferror(VLOOKUP("TRAINER_PIC_Fisherman",Sprites!$A$1:$B493,2,false),"")}
B5: Empoleon | C5: Dragonite | D5: Dhelmise | E5: Tatsugiri-Mega
A6: Level | B6: 73 | C6: 74 | D6: 73 | E6: 73
A7: Held Item | B7: Custap Berry | C7: Binding Band | D7: Grip Claw | E7: Tatsugirinite
A8: Ability | B8: Torrent | C8: Multiscale | D8: Steelworker | E8: Speed Boost
A9: Nature | B9: Modest | C9: Jolly | D9: Adamant | E9: Modest
A10: Moves | B10: Stealth Rock | C10: Protect | D10: Phantom Force | E10: Nasty Plot
B11: Make It Rain | C11: Roost | D11: Power Whip | E11: Hydro Pump
B12: Hydro Pump | C12: Fly | D12: Anchor Shot | E12: Dragon Pulse
B13: Grass Knot | C13: Whirlpool | D13: Whirlpool | E13: Thunderbolt
A14: Route 108
A15: Name | B15: Cooltrainer Carolina & Sailor Cory [Double]
A16: Pokémon | B16: {=iferror(VLOOKUP(INDIRECT(ADDRESS(ROW()+1,COLUMN(), 4)),Dex!$A$2:$C493,3,false),"")} | C16: {=iferror(VLOOKUP(INDIRECT(ADDRESS(ROW()+1,COLUMN(), 4)),Dex!$A$2:$C493,3,false),"")} | D16: {=iferror(VLOOKUP(INDIRECT(ADDRESS(ROW()+1,COLUMN(), 4)),Dex!$A$2:$C493,3,false),"")} | E16: {=iferror(VLOOKUP(INDIRECT(ADDRESS(ROW()+1,COLUMN(), 4)),Dex!$A$2:$C493,3,false),"")} | F16: {=iferror(VLOOKUP(INDIRECT(ADDRESS(ROW()+1,COLUMN(), 4)),Dex!$A$2:$C493,3,false),"")} | G16: {=iferror(VLOOKUP(INDIRECT(ADDRESS(ROW()+1,COLUMN(), 4)),Dex!$A$2:$C493,3,false),"")} | H16: {=iferror(VLOOKUP("TRAINER_PIC_Cooltrainer_F",Sprites!$A$1:$B493,2,false),"")}
B17: Tatsugiri | C17: Dracovish | E17: Dondozo | F17: Feraligatr-Mega
A18: Level | B18: 73 | C18: 73 | E18: 73 | F18: 74
A19: Held Item | B19: Sitrus Berry | C19: Mystic Water | E19: Covert Cloak | F19: Feraligite
A20: Ability | B20: Commander | C20: Strong Jaw | E20: Oblivious | F20: Dragon's Maw
A21: Nature | B21: Timid | C21: Jolly | E21: Jolly | F21: Adamant
A22: Moves | B22: Hydro Pump | C22: Fishious Rend | E22: Order Up | F22: Scale Shot
B23: Dragon Pulse | C23: Crunch | E23: Liquidation | F23: Liquidation
B24: Surf | C24: Psychic Fangs | E24: Body Press | F24: Gunk Shot
B25: Dragon Cheer | C25: Dragon Cheer | E25: Heavy Slam | F25: Dragon Cheer
A26: Abandoned Ship
A27: Name | B27: Rich Boy Milky
A28: Pokémon | B28: {=iferror(VLOOKUP(INDIRECT(ADDRESS(ROW()+1,COLUMN(), 4)),Dex!$A$2:$C493,3,false),"")} | C28: {=iferror(VLOOKUP(INDIRECT(ADDRESS(ROW()+1,COLUMN(), 4)),Dex!$A$2:$C493,3,false),"")} | D28: {=iferror(VLOOKUP(INDIRECT(ADDRESS(ROW()+1,COLUMN(), 4)),Dex!$A$2:$C493,3,false),"")} | E28: {=iferror(VLOOKUP(INDIRECT(ADDRESS(ROW()+1,COLUMN(), 4)),Dex!$A$2:$C493,3,false),"")} | F28: {=iferror(VLOOKUP(INDIRECT(ADDRESS(ROW()+1,COLUMN(), 4)),Dex!$A$2:$C493,3,false),"")} | G28: {=iferror(VLOOKUP(INDIRECT(ADDRESS(ROW()+1,COLUMN(), 4)),Dex!$A$2:$C493,3,false),"")} | H28: {=iferror(VLOOKUP("TRAINER_PIC_RichBoy",Sprites!$A$1:$B493,2,false),"")}
B29: Porygon2 | C29: Espathra | D29: Cinccino | E29: Durant | F29: Falinks-Mega
A30: Level | B30: 73 | C30: 73 | D30: 73 | E30: 74 | F30: 73
A31: Held Item | B31: Eviolite | C31: Light Clay | D31: Clear Amulet | E31: Muscle Band | F31: Falinksite
A32: Ability | B32: Trace | C32: Speed Boost | D32: Skill Link | E32: Hustle | F32: Sharpness
A33: Nature | B33: Bold | C33: Timid | D33: Jolly | E33: Adamant | F33: Adamant
A34: Moves | B34: Tri Attack | C34: Reflect | D34: Tail Slap | E34: First Impression | F34: Sacred Sword
B35: Thunderbolt | C35: Light Screen | D35: Knock Off | E35: Leech Life | F35: No Retreat
B36: Recover | C36: Psychic | D36: Baton Pass | E36: Iron Head | F36: Night Slash
B37: Thunder Wave | C37: Baton Pass | D37: Tidy Up | E37: Stomping Tantrum | F37: Psycho Cut
A38: Name | B38: Sailor Duncan
A39: Pokémon | B39: {=iferror(VLOOKUP(INDIRECT(ADDRESS(ROW()+1,COLUMN(), 4)),Dex!$A$2:$C493,3,false),"")} | C39: {=iferror(VLOOKUP(INDIRECT(ADDRESS(ROW()+1,COLUMN(), 4)),Dex!$A$2:$C493,3,false),"")} | D39: {=iferror(VLOOKUP(INDIRECT(ADDRESS(ROW()+1,COLUMN(), 4)),Dex!$A$2:$C493,3,false),"")} | E39: {=iferror(VLOOKUP(INDIRECT(ADDRESS(ROW()+1,COLUMN(), 4)),Dex!$A$2:$C493,3,false),"")} | F39: {=iferror(VLOOKUP(INDIRECT(ADDRESS(ROW()+1,COLUMN(), 4)),Dex!$A$2:$C493,3,false),"")} | G39: {=iferror(VLOOKUP(INDIRECT(ADDRESS(ROW()+1,COLUMN(), 4)),Dex!$A$2:$C493,3,false),"")} | H39: {=iferror(VLOOKUP("TRAINER_PIC_Sailor",Sprites!$A$1:$B493,2,false),"")}
B40: Jellicent | C40: Crabominable | D40: Reuniclus | E40: Ursaluna | F40: Scolipede-Mega
A41: Level | B41: 73 | C41: 73 | D41: 73 (Burn) | E41: 74 (Burn) | F41: 74
A42: Held Item | B42: Colbur Berry | C42: Focus Sash | D42: Life Orb | E42: Leftovers | F42: Scolipite
A43: Ability | B43: Water Absorb | C43: Iron Fist | D43: Magic Guard | E43: Guts | F43: Steelworker
A44: Nature | B44: Quiet | C44: Brave | D44: Quiet | E44: Brave | F44: Brave
A45: Moves | B45: Hydro Pump | C45: Hammer Arm | D45: Trick Room | E45: Facade | F45: Gunk Shot
B46: Shadow Ball | C46: Ice Hammer | D46: Psychic | E46: Headlong Rush | F46: Megahorn
B47: Destiny Bond | C47: Thunder Punch | D47: Signal Beam | E47: Knock Off | F47: Earthquake
B48: Trick Room | C48: Power-Up Punch | D48: Teleport | E48: Foresight | F48: Heavy Slam
A49: Name | B49: Tuber Jani
A50: Pokémon | B50: {=iferror(VLOOKUP(INDIRECT(ADDRESS(ROW()+1,COLUMN(), 4)),Dex!$A$2:$C493,3,false),"")} | C50: {=iferror(VLOOKUP(INDIRECT(ADDRESS(ROW()+1,COLUMN(), 4)),Dex!$A$2:$C493,3,false),"")} | D50: {=iferror(VLOOKUP(INDIRECT(ADDRESS(ROW()+1,COLUMN(), 4)),Dex!$A$2:$C493,3,false),"")} | E50: {=iferror(VLOOKUP(INDIRECT(ADDRESS(ROW()+1,COLUMN(), 4)),Dex!$A$2:$C493,3,false),"")} | F50: {=iferror(VLOOKUP(INDIRECT(ADDRESS(ROW()+1,COLUMN(), 4)),Dex!$A$2:$C493,3,false),"")} | G50: {=iferror(VLOOKUP(INDIRECT(ADDRESS(ROW()+1,COLUMN(), 4)),Dex!$A$2:$C493,3,false),"")} | H50: {=iferror(VLOOKUP("TRAINER_PIC_Tuber_F",Sprites!$A$1:$B493,2,false),"")}
B51: Spiritomb | C51: Aegislash | D51: Okidogi | E51: Kingler | F51: Pyroar-Mega
A52: Level | B52: 73 | C52: 74 | D52: 73 | E52: 74 | F52: 74
A53: Held Item | B53: Leftovers | C53: Leftovers | D53: Clear Amulet | E53: Life Orb | F53: Pyroarite
A54: Ability | B54: Pressure | C54: Stance Change | D54: Toxic Chain | E54: Sheer Force | F54: Blaze
A55: Nature | B55: Careful | C55: Adamant | D55: Jolly | E55: Jolly | F55: Timid
A56: Moves | B56: Memento | C56: King's Shield | D56: Close Combat | E56: Liquidation | F56: Overheat
B57: Will-O-Wisp | C57: Shadow Sneak | D57: Poison Jab | E57: Rock Slide | F57: Hyper Voice
B58: Foul Play | C58: Spirit Shackle | D58: Knock Off | E58: X-Scissor | F58: Earth Power
B59: Magic Coat | C59: Iron Head | D59: Bulk Up | E59: Agility | F59: Burning Bulwark
A60: Name | B60: Cooltrainer Irie
A61: Pokémon | B61: {=iferror(VLOOKUP(INDIRECT(ADDRESS(ROW()+1,COLUMN(), 4)),Dex!$A$2:$C493,3,false),"")} | C61: {=iferror(VLOOKUP(INDIRECT(ADDRESS(ROW()+1,COLUMN(), 4)),Dex!$A$2:$C493,3,false),"")} | D61: {=iferror(VLOOKUP(INDIRECT(ADDRESS(ROW()+1,COLUMN(), 4)),Dex!$A$2:$C493,3,false),"")} | E61: {=iferror(VLOOKUP(INDIRECT(ADDRESS(ROW()+1,COLUMN(), 4)),Dex!$A$2:$C493,3,false),"")} | F61: {=iferror(VLOOKUP(INDIRECT(ADDRESS(ROW()+1,COLUMN(), 4)),Dex!$A$2:$C493,3,false),"")} | G61: {=iferror(VLOOKUP(INDIRECT(ADDRESS(ROW()+1,COLUMN(), 4)),Dex!$A$2:$C493,3,false),"")} | H61: {=iferror(VLOOKUP("TRAINER_PIC_Cooltrainer_F",Sprites!$A$1:$B493,2,false),"")}
B62: Lapras | C62: Archeops | D62: Emolga | E62: Hydreigon | F62: Aggron-Mega | G62: Haxorus
A63: Level | B63: 73 | C63: 73 | D63: 73 | E63: 74 | F63: 74 | G63: 75
A64: Held Item | B64: Expert Belt | C64: Flying Gem | D64: Focus Sash | E64: Roseli Berry | F64: Aggronite | G64: Blunder Policy
A65: Ability | B65: Water Absorb | C65: Defeatist | D65: Static | E65: Levitate | F65: Filter | G65: Unnerve
A66: Nature | B66: Bold | C66: Jolly | D66: Naive | E66: Jolly | F66: Careful | G66: Jolly
A67: Moves | B67: Hydro Pump | C67: Acrobatics | D67: Nuzzle | E67: Dragon Dance | F67: Heavy Slam | G67: First Impression
B68: Ice Beam | C68: Head Smash | D68: Air Slash | E68: Dragon Rush | F68: Body Press | G68: Dragon Rush
B69: Thunderbolt | C69: Endeavor | D69: Baton Pass | E69: Crunch | F69: Earthquake | G69: Iron Tail
B70: Sing | C70: Dragon Claw | D70: Agility | E70: Iron Tail | F70: Curse | G70: Aqua Tail
A71: Name | B71: Cooltrainer Geena
A72: Pokémon | B72: {=iferror(VLOOKUP(INDIRECT(ADDRESS(ROW()+1,COLUMN(), 4)),Dex!$A$2:$C493,3,false),"")} | C72: {=iferror(VLOOKUP(INDIRECT(ADDRESS(ROW()+1,COLUMN(), 4)),Dex!$A$2:$C493,3,false),"")} | D72: {=iferror(VLOOKUP(INDIRECT(ADDRESS(ROW()+1,COLUMN(), 4)),Dex!$A$2:$C493,3,false),"")} | E72: {=iferror(VLOOKUP(INDIRECT(ADDRESS(ROW()+1,COLUMN(), 4)),Dex!$A$2:$C493,3,false),"")} | F72: {=iferror(VLOOKUP(INDIRECT(ADDRESS(ROW()+1,COLUMN(), 4)),Dex!$A$2:$C493,3,false),"")} | G72: {=iferror(VLOOKUP(INDIRECT(ADDRESS(ROW()+1,COLUMN(), 4)),Dex!$A$2:$C493,3,false),"")} | H72: {=iferror(VLOOKUP("TRAINER_PIC_Cooltrainer_F",Sprites!$A$1:$B493,2,false),"")}
B73: Glimmora | C73: Sableye-Mega | D73: Hydrapple | E73: Veluza | F73: Annihilape | G73: Kingambit
A74: Level | B74: 75 | C74: 74 | D74: 73 | E74: 73 | F74: 73 | G74: 74
A75: Held Item | B75: Air Balloon | C75: Sablenite | D75: Maranga Berry | E75: Sitrus Berry | F75: Salac Berry | G75: Dark Gem
A76: Ability | B76: Toxic Debris | C76: Magic Bounce | D76: Regenerator | E76: Sharpness | F76: Defiant | G76: Supreme Overlord
A77: Nature | B77: Modest | C77: Sassy | D77: Modest | E77: Adamant | F77: Jolly | G77: Adamant
A78: Moves | B78: Stealth Rock | C78: Will-O-Wisp | D78: Fickle Beam | E78: Fillet Away | F78: Drain Punch | G78: Kowtow Cleave
B79: Sludge Wave | C79: Recover | D79: Energy Ball | E79: Psycho Cut | F79: Rage Fist | G79: Sucker Punch
B80: Power Gem | C80: Metal Burst | D80: Syrup Bomb | E80: Aqua Cutter | F80: Endure | G80: Iron Head
B81: Energy Ball | C81: Knock Off | D81: Recover | E81: Night Slash | F81: Knock Off | G81: Pursuit
A82: Name | B82: Cooltrainer Garrison [Double]
A83: Pokémon | B83: {=iferror(VLOOKUP(INDIRECT(ADDRESS(ROW()+1,COLUMN(), 4)),Dex!$A$2:$C493,3,false),"")} | C83: {=iferror(VLOOKUP(INDIRECT(ADDRESS(ROW()+1,COLUMN(), 4)),Dex!$A$2:$C493,3,false),"")} | D83: {=iferror(VLOOKUP(INDIRECT(ADDRESS(ROW()+1,COLUMN(), 4)),Dex!$A$2:$C493,3,false),"")} | E83: {=iferror(VLOOKUP(INDIRECT(ADDRESS(ROW()+1,COLUMN(), 4)),Dex!$A$2:$C493,3,false),"")} | F83: {=iferror(VLOOKUP(INDIRECT(ADDRESS(ROW()+1,COLUMN(), 4)),Dex!$A$2:$C493,3,false),"")} | G83: {=iferror(VLOOKUP(INDIRECT(ADDRESS(ROW()+1,COLUMN(), 4)),Dex!$A$2:$C493,3,false),"")} | H83: {=iferror(VLOOKUP("TRAINER_PIC_Cooltrainer_M",Sprites!$A$1:$B493,2,false),"")}
B84: Arcanine | C84: Oranguru | D84: Tyranitar | E84: Mamoswine | F84: Blastoise | G84: Alakazam-Mega
A85: Level | B85: 74 | C85: 73 | D85: 73 | E85: 73 | F85: 75 | G85: 74
A86: Held Item | B86: Covert Cloak | C86: Light Clay | D86: Passho Berry | E86: Rock Gem | F86: Sitrus Berry | G86: Alakazite
A87: Ability | B87: Intimidate | C87: Inner Focus | D87: Intimidate | E87: Oblivious | F87: Torrent | G87: Trace
A88: Nature | B88: Hasty | C88: Bold | D88: Adamant | E88: Jolly | F88: Bold | G88: Timid
A89: Moves | B89: Heat Wave | C89: Instruct | D89: Rock Climb | E89: Stealth Rock | F89: Fake Out | G89: Psychic
B90: Wild Charge | C90: Psychic | D90: Crunch | E90: Icicle Crash | F90: Muddy Water | G90: Dazzling Gleam
B91: Close Combat | C91: Light Screen | D91: Icy Wind | E91: High Horsepower | F91: Follow Me | G91: Focus Blast
B92: Extreme Speed | C92: Reflect | D92: Feint | E92: Rock Slide | F92: Blizzard | G92: Ally Switch
A93: Route 118
A94: Name | B94: Aroma Lady Rose
A95: Pokémon | B95: {=iferror(VLOOKUP(INDIRECT(ADDRESS(ROW()+1,COLUMN(), 4)),Dex!$A$2:$C493,3,false),"")} | C95: {=iferror(VLOOKUP(INDIRECT(ADDRESS(ROW()+1,COLUMN(), 4)),Dex!$A$2:$C493,3,false),"")} | D95: {=iferror(VLOOKUP(INDIRECT(ADDRESS(ROW()+1,COLUMN(), 4)),Dex!$A$2:$C493,3,false),"")} | E95: {=iferror(VLOOKUP(INDIRECT(ADDRESS(ROW()+1,COLUMN(), 4)),Dex!$A$2:$C493,3,false),"")} | F95: {=iferror(VLOOKUP(INDIRECT(ADDRESS(ROW()+1,COLUMN(), 4)),Dex!$A$2:$C493,3,false),"")} | G95: {=iferror(VLOOKUP(INDIRECT(ADDRESS(ROW()+1,COLUMN(), 4)),Dex!$A$2:$C493,3,false),"")} | H95: {=iferror(VLOOKUP("TRAINER_PIC_Aroma_Lady",Sprites!$A$1:$B493,2,false),"")}
B96: Blissey | C96: Meganium-Mega | D96: Polteageist | E96: Roserade | F96: Inteleon
A97: Level | B97: 73 | C97: 72 | D97: 73 | E97: 72 | F97: 73
A98: Held Item | B98: Leftovers | C98: Meganiumite | D98: White Herb | E98: Black Sludge | F98: Focus Sash
A99: Ability | B99: Natural Cure | C99: Triage | D99: Weak Armor | E99: Technician | F99: Sniper
A100: Nature | B100: Bold | C100: Modest | D100: Bold | E100: Timid | F100: Timid
A101: Moves | B101: Hyper Voice | C101: Moonblast | D101: Shell Smash | E101: Mega Drain | F101: Snipe Shot
...

Sheet Tate&Liza Split
A2: Route 120
A3: Name | B3: Rogue Kecleon
A4: Pokémon | B4: {=iferror(VLOOKUP(INDIRECT(ADDRESS(ROW()+1,COLUMN(), 4)),Dex!$A$2:$C671,3,false),"")} | C4: {=iferror(VLOOKUP(INDIRECT(ADDRESS(ROW()+1,COLUMN(), 4)),Dex!$A$2:$C671,3,false),"")} | D4: {=iferror(VLOOKUP(INDIRECT(ADDRESS(ROW()+1,COLUMN(), 4)),Dex!$A$2:$C671,3,false),"")} | E4: {=iferror(VLOOKUP(INDIRECT(ADDRESS(ROW()+1,COLUMN(), 4)),Dex!$A$2:$C671,3,false),"")} | F4: {=iferror(VLOOKUP(INDIRECT(ADDRESS(ROW()+1,COLUMN(), 4)),Dex!$A$2:$C671,3,false),"")} | G4: {=iferror(VLOOKUP(INDIRECT(ADDRESS(ROW()+1,COLUMN(), 4)),Dex!$A$2:$C671,3,false),"")} | H4: {=iferror(VLOOKUP("TRAINER_PIC_Kecleon",Sprites!$A$1:$B671,2,false),"")}
B5: Kecleon
A6: Level | B6: 80
A7: Held Item | B7: None
A8: Ability | B8: Libero
A9: Nature | B9: Adamant
A10: Moves | B10: Shadow Sneak
B11: Low Kick
B12: Knock Off
B13: Return
A14: Name | B14: Cooltrainer Abobo
A15: Pokémon | B15: {=iferror(VLOOKUP(INDIRECT(ADDRESS(ROW()+1,COLUMN(), 4)),Dex!$A$2:$C671,3,false),"")} | C15: {=iferror(VLOOKUP(INDIRECT(ADDRESS(ROW()+1,COLUMN(), 4)),Dex!$A$2:$C671,3,false),"")} | D15: {=iferror(VLOOKUP(INDIRECT(ADDRESS(ROW()+1,COLUMN(), 4)),Dex!$A$2:$C671,3,false),"")} | E15: {=iferror(VLOOKUP(INDIRECT(ADDRESS(ROW()+1,COLUMN(), 4)),Dex!$A$2:$C671,3,false),"")} | F15: {=iferror(VLOOKUP(INDIRECT(ADDRESS(ROW()+1,COLUMN(), 4)),Dex!$A$2:$C671,3,false),"")} | G15: {=iferror(VLOOKUP(INDIRECT(ADDRESS(ROW()+1,COLUMN(), 4)),Dex!$A$2:$C671,3,false),"")} | H15: {=iferror(VLOOKUP("TRAINER_PIC_Cooltrainer_M",Sprites!$A$1:$B671,2,false),"")}
B16: Alakazam | C16: Swellow | D16: Magnezone | E16: Ribombee | F16: Dugtrio
A17: Level | B17: 78 | C17: 79 (Burn) | D17: 79 | E17: 78 | F17: 78
A18: Held Item | B18: Focus Sash | C18: Life Orb | D18: Expert Belt | E18: Coba Berry | F18: Ground Gem
A19: Ability | B19: Inner Focus | C19: Guts | D19: Magnet Pull | E19: Shield Dust | F19: Arena Trap
A20: Nature | B20: Timid | C20: Jolly | D20: Bold | E20: Timid | F20: Jolly
A21: Moves | B21: Psychic | C21: Facade | D21: Thunder Wave | E21: Magic Room | F21: Earthquake
B22: Future Sight | C22: Reversal | D22: Flash Cannon | E22: Moonblast | F22: Stone Edge
B23: Magic Room | C23: Brave Bird | D23: Body Press | E23: Bug Buzz | F23: Throat Chop
B24: Focus Blast | C24: U-Turn | D24: Volt Switch | E24: Baton Pass | F24: Swords Dance
A25: Name | B25: Parasol Lady Angelica
A26: Pokémon | B26: {=iferror(VLOOKUP(INDIRECT(ADDRESS(ROW()+1,COLUMN(), 4)),Dex!$A$2:$C671,3,false),"")} | C26: {=iferror(VLOOKUP(INDIRECT(ADDRESS(ROW()+1,COLUMN(), 4)),Dex!$A$2:$C671,3,false),"")} | D26: {=iferror(VLOOKUP(INDIRECT(ADDRESS(ROW()+1,COLUMN(), 4)),Dex!$A$2:$C671,3,false),"")} | E26: {=iferror(VLOOKUP(INDIRECT(ADDRESS(ROW()+1,COLUMN(), 4)),Dex!$A$2:$C671,3,false),"")} | F26: {=iferror(VLOOKUP(INDIRECT(ADDRESS(ROW()+1,COLUMN(), 4)),Dex!$A$2:$C671,3,false),"")} | G26: {=iferror(VLOOKUP(INDIRECT(ADDRESS(ROW()+1,COLUMN(), 4)),Dex!$A$2:$C671,3,false),"")} | H26: {=iferror(VLOOKUP("TRAINER_PIC_Parasol_Lady",Sprites!$A$1:$B671,2,false),"")}
B27: Mimikyu | C27: Cradily | D27: Dracovish | E27: Blaziken | F27: Greninja-Mega
A28: Level | B28: 78 | C28: 78 | D28: 78 | E28: 79 | F28: 79
A29: Held Item | B29: Spell Tag | C29: Grip Claw | D29: Choice Scarf | E29: White Herb | F29: Greninjite
A30: Ability | B30: Disguise | C30: Storm Drain | D30: Strong Jaw | E30: Speed Boost | F30: Sniper
A31: Nature | B31: Jolly | C31: Bold | D31: Adamant | E31: Adamant | F31: Naive
A32: Moves | B32: Swords Dance | C32: Giga Drain | D32: Fishious Rend | E32: Flare Blitz | F32: Water Shuriken
B33: Play Rough | C33: Ancient Power | D33: Outrage | E33: Close Combat | F33: Night Slash
B34: Shadow Claw | C34: Recover | D34: Psychic Fangs | E34: Swords Dance | F34: Gunk Shot
B35: Shadow Sneak | C35: Sand Tomb | D35: Crunch | E35: Detect | F35: Focus Energy
A36: Name | B36: Ninja Boy Alex
A37: Pokémon | B37: {=iferror(VLOOKUP(INDIRECT(ADDRESS(ROW()+1,COLUMN(), 4)),Dex!$A$2:$C671,3,false),"")} | C37: {=iferror(VLOOKUP(INDIRECT(ADDRESS(ROW()+1,COLUMN(), 4)),Dex!$A$2:$C671,3,false),"")} | D37: {=iferror(VLOOKUP(INDIRECT(ADDRESS(ROW()+1,COLUMN(), 4)),Dex!$A$2:$C671,3,false),"")} | E37: {=iferror(VLOOKUP(INDIRECT(ADDRESS(ROW()+1,COLUMN(), 4)),Dex!$A$2:$C671,3,false),"")} | F37: {=iferror(VLOOKUP(INDIRECT(ADDRESS(ROW()+1,COLUMN(), 4)),Dex!$A$2:$C671,3,false),"")} | G37: {=iferror(VLOOKUP(INDIRECT(ADDRESS(ROW()+1,COLUMN(), 4)),Dex!$A$2:$C671,3,false),"")} | H37: {=iferror(VLOOKUP("TRAINER_PIC_Ninja_Boy",Sprites!$A$1:$B671,2,false),"")}
B38: Kecleon | C38: Yanmega | D38: Lucario | E38: Gliscor | F38: Zarude
A39: Level | B39: 78 | C39: 78 | D39: 78 | E39: 79 (Poison) | F39: 79
A40: Held Item | B40: Rocky Helmet | C40: Choice Specs | D40: Life Orb | E40: Yache Berry | F40: Snowball
A41: Ability | B41: Libero | C41: Tinted Lens | D41: Steadfast | E41: Poison Heal | F41: Sniper
A42: Nature | B42: Adamant | C42: Timid | D42: Timid | E42: Jolly | F42: Jolly
A43: Moves | B43: Stealth Rock | C43: Hurricane | D43: Focus Blast | E43: Swords Dance | F43: Power Whip
B44: Body Slam | C44: Bug Buzz | D44: Steel Beam | E44: Earthquake | F44: Knock Off
B45: Knock Off | C45: U-Turn | D45: Dark Pulse | E45: Dual Wingbeat | F45: Drain Punch
B46: Power-Up Punch | D46: Acupressure | E46: Ice Fang | F46: Synthesis
A47: Name | B47: Cooltrainer Melodic
A48: Pokémon | B48: {=iferror(VLOOKUP(INDIRECT(ADDRESS(ROW()+1,COLUMN(), 4)),Dex!$A$2:$C671,3,false),"")} | C48: {=iferror(VLOOKUP(INDIRECT(ADDRESS(ROW()+1,COLUMN(), 4)),Dex!$A$2:$C671,3,false),"")} | D48: {=iferror(VLOOKUP(INDIRECT(ADDRESS(ROW()+1,COLUMN(), 4)),Dex!$A$2:$C671,3,false),"")} | E48: {=iferror(VLOOKUP(INDIRECT(ADDRESS(ROW()+1,COLUMN(), 4)),Dex!$A$2:$C671,3,false),"")} | F48: {=iferror(VLOOKUP(INDIRECT(ADDRESS(ROW()+1,COLUMN(), 4)),Dex!$A$2:$C671,3,false),"")} | G48: {=iferror(VLOOKUP(INDIRECT(ADDRESS(ROW()+1,COLUMN(), 4)),Dex!$A$2:$C671,3,false),"")} | H48: {=iferror(VLOOKUP("TRAINER_PIC_Cooltrainer_M",Sprites!$A$1:$B671,2,false),"")}
B49: Sceptile | C49: Delphox-Mega | D49: Revavroom | E49: Jumpluff | F49: Dragonite
A50: Level | B50: 78 | C50: 79 | D50: 79 | E50: 78 | F50: 80
A51: Held Item | B51: Sitrus Berry | C51: Delphoxite | D51: Air Balloon | E51: Eject Pack | F51: Weakness Policy
A52: Ability | B52: Overgrow | C52: Dazzling | D52: Filter | E52: Chlorophyll | F52: Multiscale
A53: Nature | B53: Naive | C53: Timid | D53: Jolly | E53: Timid | F53: Adamant
A54: Moves | B54: Shed Tail | C54: Fire Blast | D54: Shift Gear | E54: Spore | F54: Dragon Dance
B55: Leaf Storm | C55: Psystrike | D55: Noxious Torque | E55: Memento | F55: Dragon Hammer
B56: Upper Hand | C56: Moonblast | D56: Iron Head | E56: Leaf Storm | F56: Dual Wingbeat
B57: Acrobatics | C57: Nasty Plot | D57: Blazing Torque | E57: Tickle | F57: Earthquake
A58: Name | B58: Cooltrainer Perseid
A59: Pokémon | B59: {=iferror(VLOOKUP(INDIRECT(ADDRESS(ROW()+1,COLUMN(), 4)),Dex!$A$2:$C671,3,false),"")} | C59: {=iferror(VLOOKUP(INDIRECT(ADDRESS(ROW()+1,COLUMN(), 4)),Dex!$A$2:$C671,3,false),"")} | D59: {=iferror(VLOOKUP(INDIRECT(ADDRESS(ROW()+1,COLUMN(), 4)),Dex!$A$2:$C671,3,false),"")} | E59: {=iferror(VLOOKUP(INDIRECT(ADDRESS(ROW()+1,COLUMN(), 4)),Dex!$A$2:$C671,3,false),"")} | F59: {=iferror(VLOOKUP(INDIRECT(ADDRESS(ROW()+1,COLUMN(), 4)),Dex!$A$2:$C671,3,false),"")} | G59: {=iferror(VLOOKUP(INDIRECT(ADDRESS(ROW()+1,COLUMN(), 4)),Dex!$A$2:$C671,3,false),"")} | H59: {=iferror(VLOOKUP("TRAINER_PIC_Cooltrainer_F",Sprites!$A$1:$B671,2,false),"")}
B60: Shuckle | C60: Mawile-Mega | D60: Luxray | E60: Regidrago | F60: Drednaw | G60: Galvantula
A61: Level | B61: 78 | C61: 79 | D61: 80 (Burn) | E61: 79 | F61: 79 | G61: 78
A62: Held Item | B62: Custap Berry | C62: Mawilite | D62: Air Balloon | E62: Dragon Gem | F62: Focus Sash | G62: Rocky Helmet
A63: Ability | B63: Sturdy | C63: Huge Power | D63: Guts | E63: Dragon's Maw | F63: Strong Jaw | G63: Unnerve
A64: Nature | B64: Relaxed | C64: Jolly | D64: Jolly | E64: Timid | F64: Jolly | G64: Timid
A65: Moves | B65: Sticky Web | C65: Swords Dance | D65: Volt Tackle | E65: Dragon Energy | F65: Head Smash | G65: Sticky Web
B66: Memento | C66: Play Rough | D66: Trailblaze | E66: Draco Meteor | F66: Fishious Rend | G66: Screech
B67: Knock Off | C67: Iron Head | D67: Ice Fang | E67: Fire Blast | F67: Jaw Lock | G67: Electroweb
B68: Infestation | C68: Sucker Punch | D68: Temper Flare | E68: Explosion | F68: Psychic Fangs | G68: Signal Beam
A69: Route 121
A70: Name | B70: Beauty Jessica
A71: Pokémon | B71: {=iferror(VLOOKUP(INDIRECT(ADDRESS(ROW()+1,COLUMN(), 4)),Dex!$A$2:$C671,3,false),"")} | C71: {=iferror(VLOOKUP(INDIRECT(ADDRESS(ROW()+1,COLUMN(), 4)),Dex!$A$2:$C671,3,false),"")} | D71: {=iferror(VLOOKUP(INDIRECT(ADDRESS(ROW()+1,COLUMN(), 4)),Dex!$A$2:$C671,3,false),"")} | E71: {=iferror(VLOOKUP(INDIRECT(ADDRESS(ROW()+1,COLUMN(), 4)),Dex!$A$2:$C671,3,false),"")} | F71: {=iferror(VLOOKUP(INDIRECT(ADDRESS(ROW()+1,COLUMN(), 4)),Dex!$A$2:$C671,3,false),"")} | G71: {=iferror(VLOOKUP(INDIRECT(ADDRESS(ROW()+1,COLUMN(), 4)),Dex!$A$2:$C671,3,false),"")} | H71: {=iferror(VLOOKUP("TRAINER_PIC_Beauty",Sprites!$A$1:$B671,2,false),"")}
B72: Sylveon | C72: Nidoqueen | D72: Celebi | E72: Milotic | F72: Absol-Mega
A73: Level | B73: 79 | C73: 79 | D73: 79 | E73: 78 (Burn) | F73: 80
A74: Held Item | B74: Wiki Berry | C74: Life Orb | D74: Rocky Helmet | E74: Leftovers | F74: Absolite
A75: Ability | B75: Pixilate | C75: Sheer Force | D75: Natural Cure | E75: Marvel Scale | F75: Magic Bounce
A76: Nature | B76: Bold | C76: Timid | D76: Timid | E76: Relaxed | F76: Jolly
A77: Moves | B77: Hyper Voice | C77: Sandsear Storm | D77: Future Sight | E77: Scald | F77: Knock Off
B78: Mystical Fire | C78: Sludge Wave | D78: Perish Song | E78: Toxic | F78: Close Combat
B79: Lovely Kiss | C79: Blizzard | D79: Substitute | E79: Recover | F79: Iron Tail
B80: Calm Mind | C80: Fire Blast | D80: Baton Pass | E80: Dragon Tail | F80: Swords Dance
A81: Name | B81: Sr.And Jr.Kate&Joy [Double]
A82: Pokémon | B82: {=iferror(VLOOKUP(INDIRECT(ADDRESS(ROW()+1,COLUMN(), 4)),Dex!$A$2:$C671,3,false),"")} | C82: {=iferror(VLOOKUP(INDIRECT(ADDRESS(ROW()+1,COLUMN(), 4)),Dex!$A$2:$C671,3,false),"")} | D82: {=iferror(VLOOKUP(INDIRECT(ADDRESS(ROW()+1,COLUMN(), 4)),Dex!$A$2:$C671,3,false),"")} | E82: {=iferror(VLOOKUP(INDIRECT(ADDRESS(ROW()+1,COLUMN(), 4)),Dex!$A$2:$C671,3,false),"")} | F82: {=iferror(VLOOKUP(INDIRECT(ADDRESS(ROW()+1,COLUMN(), 4)),Dex!$A$2:$C671,3,false),"")} | G82: {=iferror(VLOOKUP(INDIRECT(ADDRESS(ROW()+1,COLUMN(), 4)),Dex!$A$2:$C671,3,false),"")} | H82: {=iferror(VLOOKUP("TRAINER_PIC_SR_AND_JR",Sprites!$A$1:$B671,2,false),"")}
B83: Grimmsnarl | C83: Sneasler | D83: Porygon-Z | E83: Farigiraf | F83: Cresselia | G83: Darkrai
A84: Level | B84: 78 | C84: 78 | D84: 79 | E84: 79 | F84: 79 (Sleep) | G84: 80
A85: Held Item | B85: Iapapa Berry | C85: Covert Cloak | D85: Focus Sash | E85: Colbur Berry | F85: Flame Orb | G85: Expert Belt
A86: Ability | B86: Prankster | C86: Poison Touch | D86: Download | E86: Armor Tail | F86: Levitate | G86: Bad Dreams
A87: Nature | B87: Impish | C87: Jolly | D87: Timid | E87: Modest | F87: Bold | G87: Timid
A88: Moves | B88: Parting Shot | C88: Fake Out | D88: Tri Attack | E88: Dream Eater | F88: Psychic | G88: Dark Void
B89: Dark Void | C89: Dire Claw | D89: Dream Eater | E89: Hyper Voice | F89: Dazzling Gleam | G89: Night Daze
B90: Spirit Break | C90: Knock Off | D90: Aura Sphere | E90: Dazzling Gleam | F90: Psycho Shift | G90: Focus Blast
B91: False Surrender | C91: Wake-Up Slap | D91: Nasty Plot | E91: Hypnosis | F91: Sleep Talk | G91: Sludge Bomb
A92: Name | B92: Cooltrainer Marcel
A93: Pokémon | B93: {=iferror(VLOOKUP(INDIRECT(ADDRESS(ROW()+1,COLUMN(), 4)),Dex!$A$2:$C671,3,false),"")} | C93: {=iferror(VLOOKUP(INDIRECT(ADDRESS(ROW()+1,COLUMN(), 4)),Dex!$A$2:$C671,3,false),"")} | D93: {=iferror(VLOOKUP(INDIRECT(ADDRESS(ROW()+1,COLUMN(), 4)),Dex!$A$2:$C671,3,false),"")} | E93: {=iferror(VLOOKUP(INDIRECT(ADDRESS(ROW()+1,COLUMN(), 4)),Dex!$A$2:$C671,3,false),"")} | F93: {=iferror(VLOOKUP(INDIRECT(ADDRESS(ROW()+1,COLUMN(), 4)),Dex!$A$2:$C671,3,false),"")} | G93: {=iferror(VLOOKUP(INDIRECT(ADDRESS(ROW()+1,COLUMN(), 4)),Dex!$A$2:$C671,3,false),"")} | H93: {=iferror(VLOOKUP("TRAINER_PIC_Cooltrainer_M",Sprites!$A$1:$B671,2,false),"")}
B94: Registeel | C94: Chesnaught-Mega | D94: Dracozolt | E94: Hydrapple | F94: Glimmora | G94: Hitmontop
A95: Level | B95: 78 | C95: 79 | D95: 80 | E95: 79 | F95: 79 | G95: 80
A96: Held Item | B96: Shuca Berry | C96: Chesnaughtite | D96: Blunder Policy | E96: Focus Sash | F96: Power Herb | G96: Coba Berry
A97: Ability | B97: Clear Body | C97: Quick Draw | D97: Hustle | E97: Regenerator | F97: Toxic Debris | G97: Technician
A98: Nature | B98: Careful | C98: Careful | D98: Adamant | E98: Modest | F98: Timid | G98: Adamant
A99: Moves | B99: Curse | C99: Needle Arm | D99: Bolt Beak | E99: Fickle Beam | F99: Meteor Beam | G99: Triple Kick
B100: Iron Head | C100: Body Press | D100: Dragon Rush | E100: Leaf Storm | F100: Sludge Wave | G100: Triple Axel
B101: Body Press | C101: Rock Slide | D101: Iron Tail | E101: Syrup Bomb | F101: Power Gem | G101: Mach Punch
...

Sheet Steven Split
A2: Space Center
A3: Name | B3: Space Center Team Magma Grunt #1
A4: Pokémon | B4: {=iferror(VLOOKUP(INDIRECT(ADDRESS(ROW()+1,COLUMN(), 4)),Dex!$A$2:$C473,3,false),"")} | C4: {=iferror(VLOOKUP(INDIRECT(ADDRESS(ROW()+1,COLUMN(), 4)),Dex!$A$2:$C473,3,false),"")} | D4: {=iferror(VLOOKUP(INDIRECT(ADDRESS(ROW()+1,COLUMN(), 4)),Dex!$A$2:$C473,3,false),"")} | E4: {=iferror(VLOOKUP(INDIRECT(ADDRESS(ROW()+1,COLUMN(), 4)),Dex!$A$2:$C473,3,false),"")} | F4: {=iferror(VLOOKUP(INDIRECT(ADDRESS(ROW()+1,COLUMN(), 4)),Dex!$A$2:$C473,3,false),"")} | G4: {=iferror(VLOOKUP(INDIRECT(ADDRESS(ROW()+1,COLUMN(), 4)),Dex!$A$2:$C473,3,false),"")} | H4: {=iferror(VLOOKUP("TRAINER_PIC_Magma_Grunt_M",Sprites!$A$1:$B473,2,false),"")}
B5: Glimmora | C5: Blaziken | D5: Magnezone | E5: Alcremie | F5: Blacephalon | G5: Ho-Oh
A6: Level | B6: 87 | C6: 88 | D6: 87 | E6: 87 | F6: 87 | G6: 87
A7: Held Item | B7: Quick Claw | C7: Scope Lens | D7: Custap Berry | E7: Focus Band | F7: Starf Berry | G7: Bright Powder
A8: Ability | B8: Toxic Debris | C8: Speed Boost | D8: Sturdy | E8: Aroma Veil | F8: Beast Boost | G8: Regenerator
A9: Nature | B9: Quiet | C9: Adamant | D9: Quiet | E9: Modest | F9: Timid | G9: Jolly
A10: Moves | B10: Stealth Rock | C10: Blaze Kick | D10: Thunderbolt | E10: Moonblast | F10: Mind Blown | G10: Sacred Fire
B11: Spikes | C11: Cross Chop | D11: Flash Cannon | E11: Mystical Fire | F11: Shadow Ball | G11: Dual Wingbeat
B12: Explosion | C12: Stone Edge | D12: Hidden Power Grass | E12: Psychic | F12: Aura Sphere | G12: Whirlwind
B13: Power Gem | C13: Protect | D13: Explosion | E13: Misty Explosion | F13: Explosion | G13: Revival Blessing
A14: Name | B14: Space Center Team Magma Grunt #2
A15: Pokémon | B15: {=iferror(VLOOKUP(INDIRECT(ADDRESS(ROW()+1,COLUMN(), 4)),Dex!$A$2:$C473,3,false),"")} | C15: {=iferror(VLOOKUP(INDIRECT(ADDRESS(ROW()+1,COLUMN(), 4)),Dex!$A$2:$C473,3,false),"")} | D15: {=iferror(VLOOKUP(INDIRECT(ADDRESS(ROW()+1,COLUMN(), 4)),Dex!$A$2:$C473,3,false),"")} | E15: {=iferror(VLOOKUP(INDIRECT(ADDRESS(ROW()+1,COLUMN(), 4)),Dex!$A$2:$C473,3,false),"")} | F15: {=iferror(VLOOKUP(INDIRECT(ADDRESS(ROW()+1,COLUMN(), 4)),Dex!$A$2:$C473,3,false),"")} | G15: {=iferror(VLOOKUP(INDIRECT(ADDRESS(ROW()+1,COLUMN(), 4)),Dex!$A$2:$C473,3,false),"")} | H15: {=iferror(VLOOKUP("TRAINER_PIC_Magma_Grunt_F",Sprites!$A$1:$B473,2,false),"")}
B16: Flutter Mane | C16: Morpeko | D16: Swoobat | E16: Emboar | F16: Guzzlord | G16: Victini
A17: Level | B17: 87 | C17: 87 | D17: 87 | E17: 88 | F17: 87 | G17: 89
A18: Held Item | B18: Focus Band | C18: Berserk Gene | D18: Kee Berry | E18: Quick Claw | F18: Roseli Berry | G18: White Herb
A19: Ability | B19: Protosynthesis | C19: Hunger Switch | D19: Simple | E19: Reckless | F19: Intimidate | G19: Victory Star
A20: Nature | B20: Timid | C20: Jolly | D20: Timid | E20: Adamant | F20: Adamant | G20: Jolly
A21: Moves | B21: Infernal Parade | C21: Aura Wheel | D21: Calm Mind | E21: Close Combat | F21: Dragon Rush | G21: Victory Dance
B22: Mystical Fire | C22: Nuzzle | D22: Hurricane | E22: Flare Blitz | F22: Knock Off | G22: V-create
B23: Hypnosis | C23: Baton Pass | D23: Stored Power | E23: Head Smash | F23: Iron Tail | G23: Zen Headbutt
B24: Memento | C24: Obstruct | D24: Heat Wave | E24: Yawn | F24: Parting Shot | G24: Bolt Strike
A25: Name | B25: Space Center Team Magma Elite Grunt [Double]
A26: Pokémon | B26: {=iferror(VLOOKUP(INDIRECT(ADDRESS(ROW()+1,COLUMN(), 4)),Dex!$A$2:$C473,3,false),"")} | C26: {=iferror(VLOOKUP(INDIRECT(ADDRESS(ROW()+1,COLUMN(), 4)),Dex!$A$2:$C473,3,false),"")} | D26: {=iferror(VLOOKUP(INDIRECT(ADDRESS(ROW()+1,COLUMN(), 4)),Dex!$A$2:$C473,3,false),"")} | E26: {=iferror(VLOOKUP(INDIRECT(ADDRESS(ROW()+1,COLUMN(), 4)),Dex!$A$2:$C473,3,false),"")} | F26: {=iferror(VLOOKUP(INDIRECT(ADDRESS(ROW()+1,COLUMN(), 4)),Dex!$A$2:$C473,3,false),"")} | G26: {=iferror(VLOOKUP(INDIRECT(ADDRESS(ROW()+1,COLUMN(), 4)),Dex!$A$2:$C473,3,false),"")} | H26: {=iferror(VLOOKUP("TRAINER_PIC_Magma_Grunt_M",Sprites!$A$1:$B473,2,false),"")}
B27: Incineroar | C27: Ursaluna | D27: Watchog | E27: Landorus-Therian | F27: Raging Bolt | G27: Cinderace
A28: Level | B28: 88 | C28: 90 (Burn) | D28: 87 | E28: 91 | F28: 88 | G28: 89
A29: Held Item | B29: Bright Powder | C29: Quick Claw | D29: Focus Band | E29: Covert Cloak | F29: Electric Gem | G29: King's Rock
A30: Ability | B30: Intimidate | C30: Guts | D30: Illuminate | E30: Intimidate | F30: Protosynthesis | G30: Libero
A31: Nature | B31: Adamant | C31: Adamant | D31: Adamant | E31: Careful | F31: Timid | G31: Jolly
A32: Moves | B32: Fake Out | C32: Headlong Rush | D32: Fake Out | E32: High Horsepower | F32: Thunderbolt | G32: Pyro Ball
B33: Flare Blitz | C33: Facade | D33: Super Fang | E33: Floaty Fall | F33: Dragon Pulse | G33: Close Combat
B34: Knock Off | C34: Fire Punch | D34: Fire Punch | E34: Stealth Rock | F34: Thunderclap | G34: Fling
B35: Parting Shot | C35: Feint | D35: Hypnosis | E35: Stone Edge | F35: Sunny Day | G35: Coaching
A36: Name | B36: Space Center Team Magma Cobalt
A37: Pokémon | B37: {=iferror(VLOOKUP(INDIRECT(ADDRESS(ROW()+1,COLUMN(), 4)),Dex!$A$2:$C473,3,false),"")} | C37: {=iferror(VLOOKUP(INDIRECT(ADDRESS(ROW()+1,COLUMN(), 4)),Dex!$A$2:$C473,3,false),"")} | D37: {=iferror(VLOOKUP(INDIRECT(ADDRESS(ROW()+1,COLUMN(), 4)),Dex!$A$2:$C473,3,false),"")} | E37: {=iferror(VLOOKUP(INDIRECT(ADDRESS(ROW()+1,COLUMN(), 4)),Dex!$A$2:$C473,3,false),"")} | F37: {=iferror(VLOOKUP(INDIRECT(ADDRESS(ROW()+1,COLUMN(), 4)),Dex!$A$2:$C473,3,false),"")} | G37: {=iferror(VLOOKUP(INDIRECT(ADDRESS(ROW()+1,COLUMN(), 4)),Dex!$A$2:$C473,3,false),"")} | H37: {=iferror(VLOOKUP("TRAINER_PIC_Magma_Grunt_M",Sprites!$A$1:$B473,2,false),"")}
B38: Cobalion | C38: Froslass | D38: Dragonite | E38: Lopunny-Mega
A39: Level | B39: 88 | C39: 87 | D39: 88 | E39: 91
A40: Held Item | B40: Leftovers | C40: Eject Button | D40: Heavy-Duty Boots | E40: Lopunnite
A41: Ability | B41: Inner Focus | C41: Cursed Body | D41: Multiscale | E41: Scrappy
A42: Nature | B42: Timid | C42: Timid | D42: Impish | E42: Jolly
A43: Moves | B43: Stealth Rock | C43: Spikes | D43: Dragon Tail | E43: Circle Throw
B44: Toxic | C44: Taunt | D44: Iron Tail | E44: Fire Punch
B45: Protect | C45: Destiny Bond | D45: Thunder Wave | E45: Thunder Wave
B46: Volt Switch | C46: Blizzard | D46: Roost | E46: Body Slam
A47: Name | B47: Space Center Team Magma Virgil
A48: Pokémon | B48: {=iferror(VLOOKUP(INDIRECT(ADDRESS(ROW()+1,COLUMN(), 4)),Dex!$A$2:$C473,3,false),"")} | C48: {=iferror(VLOOKUP(INDIRECT(ADDRESS(ROW()+1,COLUMN(), 4)),Dex!$A$2:$C473,3,false),"")} | D48: {=iferror(VLOOKUP(INDIRECT(ADDRESS(ROW()+1,COLUMN(), 4)),Dex!$A$2:$C473,3,false),"")} | E48: {=iferror(VLOOKUP(INDIRECT(ADDRESS(ROW()+1,COLUMN(), 4)),Dex!$A$2:$C473,3,false),"")} | F48: {=iferror(VLOOKUP(INDIRECT(ADDRESS(ROW()+1,COLUMN(), 4)),Dex!$A$2:$C473,3,false),"")} | G48: {=iferror(VLOOKUP(INDIRECT(ADDRESS(ROW()+1,COLUMN(), 4)),Dex!$A$2:$C473,3,false),"")} | H48: {=iferror(VLOOKUP("TRAINER_PIC_Magma_Grunt_M",Sprites!$A$1:$B473,2,false),"")}
B49: Heatran-Mega | C49: Turtonator | D49: Xurkitree | E49: Virizion | F49: Solrock
A50: Level | B50: 87 | C50: 87 | D50: 90 | E50: 88 | F50: 87
A51: Held Item | B51: Heatranite | C51: Quick Claw | D51: Electric Gem | E51: Eject Pack | F51: Covert Cloak
A52: Ability | B52: Heatproof | C52: Shell Armor | D52: Beast Boost | E52: Inner Focus | F52: Levitate
A53: Nature | B53: Bold | C53: Brave | D53: Timid | E53: Naive | F53: Jolly
A54: Moves | B54: Stealth Rock | C54: Explosion | D54: Volt Switch | E54: Close Combat | F54: Stone Edge
B55: Magma Storm | D55: Energy Ball | E55: Leaf Storm | F55: Photon Geyser
B56: Will-O-Wisp | D56: Dazzling Gleam | E56: Reflect | F56: Will-O-Wisp
B57: Flash Cannon | D57: Hypnosis | E57: Giga Drain | F57: Explosion
A58: Name | B58: Space Center Team Magma Terrence
A59: Pokémon | B59: {=iferror(VLOOKUP(INDIRECT(ADDRESS(ROW()+1,COLUMN(), 4)),Dex!$A$2:$C473,3,false),"")} | C59: {=iferror(VLOOKUP(INDIRECT(ADDRESS(ROW()+1,COLUMN(), 4)),Dex!$A$2:$C473,3,false),"")} | D59: {=iferror(VLOOKUP(INDIRECT(ADDRESS(ROW()+1,COLUMN(), 4)),Dex!$A$2:$C473,3,false),"")} | E59: {=iferror(VLOOKUP(INDIRECT(ADDRESS(ROW()+1,COLUMN(), 4)),Dex!$A$2:$C473,3,false),"")} | F59: {=iferror(VLOOKUP(INDIRECT(ADDRESS(ROW()+1,COLUMN(), 4)),Dex!$A$2:$C473,3,false),"")} | G59: {=iferror(VLOOKUP(INDIRECT(ADDRESS(ROW()+1,COLUMN(), 4)),Dex!$A$2:$C473,3,false),"")} | H59: {=iferror(VLOOKUP("TRAINER_PIC_Magma_Grunt_M",Sprites!$A$1:$B473,2,false),"")}
B60: Arcanine-Hisui | C60: Darkrai-Mega | D60: Terrakion | E60: Naganadel
A61: Level | B61: 88 | C61: 87 | D61: 90 | E61: 89
A62: Held Item | B62: Choice Scarf | C62: Darkranite | D62: Focus Sash | E62: Life Orb
A63: Ability | B63: Rock Head | C63: Bad Dreams | D63: Inner Focus | E63: Beast Boost
A64: Nature | B64: Adamant | C64: Bold | D64: Jolly | E64: Timid
A65: Moves | B65: Flare Blitz | C65: Dark Void | D65: Swords Dance | E65: Draco Meteor
B66: Head Smash | C66: Nightmare | D66: Stone Edge | E66: Sludge Wave
B67: Close Combat | C67: Dream Eater | D67: Sacred Sword | E67: Fire Blast
B68: Wild Charge | C68: Memento | D68: Rock Polish | E68: Nasty Plot
A69: Name | B69: Magma Leader Maxie & Tabitha [Tag]
A70: Pokémon | B70: {=iferror(VLOOKUP(INDIRECT(ADDRESS(ROW()+1,COLUMN(), 4)),Dex!$A$2:$C473,3,false),"")} | C70: {=iferror(VLOOKUP(INDIRECT(ADDRESS(ROW()+1,COLUMN(), 4)),Dex!$A$2:$C473,3,false),"")} | D70: {=iferror(VLOOKUP(INDIRECT(ADDRESS(ROW()+1,COLUMN(), 4)),Dex!$A$2:$C473,3,false),"")} | E70: {=iferror(VLOOKUP(INDIRECT(ADDRESS(ROW()+1,COLUMN(), 4)),Dex!$A$2:$C473,3,false),"")} | F70: {=iferror(VLOOKUP(INDIRECT(ADDRESS(ROW()+1,COLUMN(), 4)),Dex!$A$2:$C473,3,false),"")} | G70: {=iferror(VLOOKUP(INDIRECT(ADDRESS(ROW()+1,COLUMN(), 4)),Dex!$A$2:$C473,3,false),"")} | H70: {=iferror(VLOOKUP("TRAINER_PIC_Magma_Leader_Maxie",Sprites!$A$1:$B473,2,false),"")}
B71: Camerupt-Mega | C71: Koraidon | D71: Scovillain | E71: Zamazenta-Crowned | F71: Armarouge | G71: Scizor-Mega
A72: Level | B72: 90 | C72: 90 | D72: 89 | E72: 90 | F72: 89 | G72: 90
A73: Held Item | B73: Cameruptite | C73: Life Orb | D73: White Herb | E73: Rusted Shield | F73: Wise Glasses | G73: Scizorite
A74: Ability | B74: Sheer Force | C74: Orichalcum Pulse | D74: Chlorophyll | E74: Dauntless Shield | F74: Flame Body | G74: Technician
A75: Nature | B75: Modest | C75: Jolly | D75: Timid | E75: Impish | F75: Timid | G75: Adamant
A76: Moves | B76: Earth Power | C76: Collision Course | D76: Overheat | E76: Body Press | F76: Armor Cannon | G76: Magnet Bomb
B77: Flamethrower | C77: Outrage | D77: Leaf Storm | E77: Behemoth Bash | F77: Psystrike | G77: Bug Bite
B78: Heat Wave | C78: Heat Crash | D78: Spicy Extract | E78: Light Screen | F78: Earth Power | G78: Close Combat
B79: Protect | C79: Swords Dance | D79: Rage Powder | E79: Iron Defense | F79: Helping Hand | G79: Tailwind
A80: Name | B80: Partner Steven
A81: Pokémon | B81: {=iferror(VLOOKUP(INDIRECT(ADDRESS(ROW()+1,COLUMN(), 4)),Dex!$A$2:$C473,3,false),"")} | C81: {=iferror(VLOOKUP(INDIRECT(ADDRESS(ROW()+1,COLUMN(), 4)),Dex!$A$2:$C473,3,false),"")} | D81: {=iferror(VLOOKUP(INDIRECT(ADDRESS(ROW()+1,COLUMN(), 4)),Dex!$A$2:$C473,3,false),"")} | E81: {=iferror(VLOOKUP(INDIRECT(ADDRESS(ROW()+1,COLUMN(), 4)),Dex!$A$2:$C473,3,false),"")} | F81: {=iferror(VLOOKUP(INDIRECT(ADDRESS(ROW()+1,COLUMN(), 4)),Dex!$A$2:$C473,3,false),"")} | G81: {=iferror(VLOOKUP(INDIRECT(ADDRESS(ROW()+1,COLUMN(), 4)),Dex!$A$2:$C473,3,false),"")} | H81: {=iferror(VLOOKUP("TRAINER_PIC_Steven",Sprites!$A$1:$B473,2,false),"")}
B82: Heatran | C82: Zacian-Crowned | D82: Metagross-Mega
A83: Level | B83: 94 | C83: 95 | D83: 100
A84: Held Item | B84: Life Orb | C84: Rusted Sword | D84: Metagrossite
A85: Ability | B85: Flash Fire | C85: Intrepid Sword | D85: Tough Claws
A86: Nature | B86: Modest | C86: Jolly | D86: Jolly
A87: Moves | B87: Magma Storm | C87: Play Rough | D87: Meteor Mash
B88: Flash Cannon | C88: Behemoth Blade | D88: Psychic Fangs
B89: Earth Power | C89: Protect | D89: Hammer Arm
B90: Heat Wave | C90: Howl | D90: Protect
A91: Route 127
A92: Name | B92: Bird Keeper Halo & Ranger Jmash [Double]
A93: Pokémon | B93: {=iferror(VLOOKUP(INDIRECT(ADDRESS(ROW()+1,COLUMN(), 4)),Dex!$A$2:$C473,3,false),"")} | C93: {=iferror(VLOOKUP(INDIRECT(ADDRESS(ROW()+1,COLUMN(), 4)),Dex!$A$2:$C473,3,false),"")} | D93: {=iferror(VLOOKUP(INDIRECT(ADDRESS(ROW()+1,COLUMN(), 4)),Dex!$A$2:$C473,3,false),"")} | E93: {=iferror(VLOOKUP(INDIRECT(ADDRESS(ROW()+1,COLUMN(), 4)),Dex!$A$2:$C473,3,false),"")} | F93: {=iferror(VLOOKUP(INDIRECT(ADDRESS(ROW()+1,COLUMN(), 4)),Dex!$A$2:$C473,3,false),"")} | G93: {=iferror(VLOOKUP(INDIRECT(ADDRESS(ROW()+1,COLUMN(), 4)),Dex!$A$2:$C473,3,false),"")} | H93: {=iferror(VLOOKUP("TRAINER_PIC_Bird_Keeper",Sprites!$A$1:$B473,2,false),"")}
B94: Toucannon | C94: Golurk | D94: Bellossom | E94: Sandslash-Alola | F94: Samurott | G94: Regice
A95: Level | B95: 88 | C95: 90 | D95: 89 | E95: 87 | F95: 88 | G95: 88
A96: Held Item | B96: Flying Gem | C96: Yache Berry | D96: White Herb | E96: Focus Sash | F96: Covert Cloak | G96: Blunder Policy
A97: Ability | B97: Skill Link | C97: Iron Fist | D97: Illuminate | E97: Slush Rush | F97: Shell Armor | G97: Clear Body
A98: Nature | B98: Jolly | C98: Adamant | D98: Modest | E98: Adamant | F98: Modest | G98: Modest
A99: Moves | B99: Acrobatics | C99: Headlong Rush | D99: Leaf Storm | E99: Mountain Gale | F99: Hydro Pump | G99: Blizzard
B100: Fury Attack | C100: Shadow Punch | D100: Moonblast | E100: Hard Press | F100: Blizzard | G100: Zap Cannon
B101: Gunk Shot | C101: Dynamic Punch | D101: Sleep Powder | E101: Stealth Rock | F101: Grass Knot | G101: Focus Blast
...

Sheet Victory Road Split
A2: Evergrande City
A3: Name | B3: Lorekeeper Zinnia
A4: Pokémon | B4: {=iferror(VLOOKUP(INDIRECT(ADDRESS(ROW()+1,COLUMN(), 4)),Dex!$A$2:$C335,3,false),"")} | C4: {=iferror(VLOOKUP(INDIRECT(ADDRESS(ROW()+1,COLUMN(), 4)),Dex!$A$2:$C335,3,false),"")} | D4: {=iferror(VLOOKUP(INDIRECT(ADDRESS(ROW()+1,COLUMN(), 4)),Dex!$A$2:$C335,3,false),"")} | E4: {=iferror(VLOOKUP(INDIRECT(ADDRESS(ROW()+1,COLUMN(), 4)),Dex!$A$2:$C335,3,false),"")} | F4: {=iferror(VLOOKUP(INDIRECT(ADDRESS(ROW()+1,COLUMN(), 4)),Dex!$A$2:$C335,3,false),"")} | G4: {=iferror(VLOOKUP(INDIRECT(ADDRESS(ROW()+1,COLUMN(), 4)),Dex!$A$2:$C335,3,false),"")} | H4: {=iferror(VLOOKUP("TRAINER_PIC_Zinnia",Sprites!$A$1:$B335,2,false),"")}
B5: Drampa | C5: Exploud | D5: Gyarados | E5: Archaludon | F5: Salamence-Mega | G5: Rayquaza-Mega
A6: Level | B6: 96 | C6: 98 | D6: 97 | E6: 97 | F6: 98 | G6: 95
A7: Held Item | B7: Quick Claw | C7: Life Orb | D7: Wacan Berry | E7: Assault Vest | F7: Iron Ball | G7: White Herb
A8: Ability | B8: Berserk | C8: Scrappy | D8: Intimidate | E8: Stamina | F8: Aerilate | G8: Delta Stream
A9: Nature | B9: Modest | C9: Modest | D9: Jolly | E9: Modest | F9: Adamant | G9: Naive
A10: Moves | B10: Tailwind | C10: Boomburst | D10: Dragon Dance | E10: Draco Meteor | F10: Double-Edge | G10: Dragon Ascent
B11: Boomburst | C11: Focus Blast | D11: Waterfall | E11: Flash Cannon | F11: Earthquake | G11: V-create
B12: Hydro Pump | C12: Whirlpool | D12: Earthquake | E12: Body Press | F12: Tailwind | G12: Extreme Speed
B13: Blizzard | C13: Minimize | D13: Power Whip | E13: Mirror Coat | F13: Roost | G13: Draco Meteor
A14: Route 123
A15: Name | B15: Team Rocket Grunt #1
A16: Pokémon | B16: {=iferror(VLOOKUP(INDIRECT(ADDRESS(ROW()+1,COLUMN(), 4)),Dex!$A$2:$C335,3,false),"")} | C16: {=iferror(VLOOKUP(INDIRECT(ADDRESS(ROW()+1,COLUMN(), 4)),Dex!$A$2:$C335,3,false),"")} | D16: {=iferror(VLOOKUP(INDIRECT(ADDRESS(ROW()+1,COLUMN(), 4)),Dex!$A$2:$C335,3,false),"")} | E16: {=iferror(VLOOKUP(INDIRECT(ADDRESS(ROW()+1,COLUMN(), 4)),Dex!$A$2:$C335,3,false),"")} | F16: {=iferror(VLOOKUP(INDIRECT(ADDRESS(ROW()+1,COLUMN(), 4)),Dex!$A$2:$C335,3,false),"")} | G16: {=iferror(VLOOKUP(INDIRECT(ADDRESS(ROW()+1,COLUMN(), 4)),Dex!$A$2:$C335,3,false),"")} | H16: {=iferror(VLOOKUP("TRAINER_PIC_Rocket_Grunt_M",Sprites!$A$1:$B335,2,false),"")}
B17: Butterfree | C17: Muk | D17: Heatmor | E17: Gogoat | F17: Vaporeon | G17: Golisopod-Mega
A18: Level | B18: 96 | C18: 96 | D18: 96 | E18: 96 | F18: 96 | G18: 97
A19: Held Item | B19: Rowap Berry | C19: Payapa Berry | D19: Power Herb | E19: Leftovers | F19: Focus Band | G19: Golisopite
A20: Ability | B20: Tinted Lens | C20: Poison Touch | D20: Flash Fire | E20: Sap Sipper | F20: Water Absorb | G20: Water Bubble
A21: Nature | B21: Timid | C21: Adamant | D21: Modest | E21: Impish | F21: Sassy | G21: Adamant
A22: Moves | B22: Sleep Powder | C22: Poison Jab | D22: Inferno | E22: Horn Leech | F22: Protect | G22: First Impression
B23: Powder | C23: Fire Punch | D23: Solar Beam | E23: Iron Tail | F23: Perish Song | G23: Jet Punch
B24: Silk Trap | C24: Toxic Spikes | D24: Dig | E24: Protect | F24: Whirlpool | G24: Hard Press
B25: Hurricane | C25: Explosion | D25: Burning Bulwark | E25: Milk Drink | F25: Scald | G25: Swords Dance
A26: Name | B26: Team Rocket Grunt #2
A27: Pokémon | B27: {=iferror(VLOOKUP(INDIRECT(ADDRESS(ROW()+1,COLUMN(), 4)),Dex!$A$2:$C335,3,false),"")} | C27: {=iferror(VLOOKUP(INDIRECT(ADDRESS(ROW()+1,COLUMN(), 4)),Dex!$A$2:$C335,3,false),"")} | D27: {=iferror(VLOOKUP(INDIRECT(ADDRESS(ROW()+1,COLUMN(), 4)),Dex!$A$2:$C335,3,false),"")} | E27: {=iferror(VLOOKUP(INDIRECT(ADDRESS(ROW()+1,COLUMN(), 4)),Dex!$A$2:$C335,3,false),"")} | F27: {=iferror(VLOOKUP(INDIRECT(ADDRESS(ROW()+1,COLUMN(), 4)),Dex!$A$2:$C335,3,false),"")} | G27: {=iferror(VLOOKUP(INDIRECT(ADDRESS(ROW()+1,COLUMN(), 4)),Dex!$A$2:$C335,3,false),"")} | H27: {=iferror(VLOOKUP("TRAINER_PIC_Rocket_Grunt_M",Sprites!$A$1:$B335,2,false),"")}
B28: Beautifly | C28: Weezing | D28: Sandaconda | E28: Mabosstiff | F28: Klinklang | G28: Garchomp-Mega-Z
A29: Level | B29: 96 | C29: 96 | D29: 96 (Burn) | E29: 96 | F29: 97 | G29: 97
A30: Held Item | B30: Salac Berry | C30: Focus Band | D30: Chesto Berry | E30: Quick Claw | F30: Focus Sash | G30: Garchompite Z
A31: Ability | B31: Swarm | C31: Levitate | D31: Shed Skin | E31: Stakeout | F31: Clear Body | G31: Multiscale
A32: Nature | B32: Timid | C32: Sassy | D32: Careful | E32: Adamant | F32: Adamant | G32: Timid
A33: Moves | B33: Stun Spore | C33: Gunk Shot | D33: High Horsepower | E33: Knock Off | F33: Shift Gear | G33: Draco Meteor
B34: Bug Buzz | C34: Fire Blast | D34: Rock Slide | E34: Pursuit | F34: Gear Grind | G34: Surf
B35: Endure | C35: Pain Split | D35: Coil | E35: Play Rough | F35: Earthquake | G35: Substitute
B36: Energy Ball | C36: Explosion | D36: Rest | E36: Destiny Bond | F36: Stone Edge | G36: Laser Focus
A37: Name | B37: Team Rocket Grunt #3
A38: Pokémon | B38: {=iferror(VLOOKUP(INDIRECT(ADDRESS(ROW()+1,COLUMN(), 4)),Dex!$A$2:$C335,3,false),"")} | C38: {=iferror(VLOOKUP(INDIRECT(ADDRESS(ROW()+1,COLUMN(), 4)),Dex!$A$2:$C335,3,false),"")} | D38: {=iferror(VLOOKUP(INDIRECT(ADDRESS(ROW()+1,COLUMN(), 4)),Dex!$A$2:$C335,3,false),"")} | E38: {=iferror(VLOOKUP(INDIRECT(ADDRESS(ROW()+1,COLUMN(), 4)),Dex!$A$2:$C335,3,false),"")} | F38: {=iferror(VLOOKUP(INDIRECT(ADDRESS(ROW()+1,COLUMN(), 4)),Dex!$A$2:$C335,3,false),"")} | G38: {=iferror(VLOOKUP(INDIRECT(ADDRESS(ROW()+1,COLUMN(), 4)),Dex!$A$2:$C335,3,false),"")} | H38: {=iferror(VLOOKUP("TRAINER_PIC_Rocket_Grunt_M",Sprites!$A$1:$B335,2,false),"")}
B39: Dustox | C39: Swalot | D39: Zangoose | E39: Tauros | F39: Crustle | G39: Magearna-Mega
A40: Level | B40: 96 | C40: 96 | D40: 97 (Poison) | E40: 97 | F40: 97 | G40: 98
A41: Held Item | B41: Coba Berry | C41: Starf Berry | D41: Bright Powder | E41: Normal Gem | F41: Quick Claw | G41: Magearnite
A42: Ability | B42: Shield Dust | C42: Gluttony | D42: Toxic Boost | E42: Intimidate | F42: Shell Armor | G42: Simple
A43: Nature | B43: Bold | C43: Naive | D43: Jolly | E43: Jolly | F43: Careful | G43: Hasty
A44: Moves | B44: Toxic | C44: Stuff Cheeks | D44: Facade | E44: Retaliate | F44: Stone Edge | G44: Gear Grind
B45: Moonlight | C45: Body Press | D45: Knock Off | E45: Pursuit | F45: Leech Life | G45: Play Rough
B46: Tailwind | C46: Knock Off | D46: Close Combat | E46: Parting Shot | F46: Body Press | G46: Thunderbolt
B47: Sludge Wave | C47: Ice Beam | D47: Baton Pass | E47: Spite | F47: Hone Claws | G47: Shift Gear
A48: Name | B48: Cooltrainer Reyna
A49: Pokémon | B49: {=iferror(VLOOKUP(INDIRECT(ADDRESS(ROW()+1,COLUMN(), 4)),Dex!$A$2:$C335,3,false),"")} | C49: {=iferror(VLOOKUP(INDIRECT(ADDRESS(ROW()+1,COLUMN(), 4)),Dex!$A$2:$C335,3,false),"")} | D49: {=iferror(VLOOKUP(INDIRECT(ADDRESS(ROW()+1,COLUMN(), 4)),Dex!$A$2:$C335,3,false),"")} | E49: {=iferror(VLOOKUP(INDIRECT(ADDRESS(ROW()+1,COLUMN(), 4)),Dex!$A$2:$C335,3,false),"")} | F49: {=iferror(VLOOKUP(INDIRECT(ADDRESS(ROW()+1,COLUMN(), 4)),Dex!$A$2:$C335,3,false),"")} | G49: {=iferror(VLOOKUP(INDIRECT(ADDRESS(ROW()+1,COLUMN(), 4)),Dex!$A$2:$C335,3,false),"")} | H49: {=iferror(VLOOKUP("TRAINER_PIC_Cooltrainer_F",Sprites!$A$1:$B335,2,false),"")}
B50: Dugtrio-Alola | C50: Cyclizar | D50: Hitmonlee | E50: Lokix | F50: Chandelure | G50: Terapagos-Stellar
A51: Level | B51: 97 | C51: 97 | D51: 96 | E51: 96 | F51: 97 | G51: 97
A52: Held Item | B52: Focus Sash | C52: Sitrus Berry | D52: Berserk Gene | E52: Life Orb | F52: Ghost Gem | G52: Leftovers
A53: Ability | B53: Tangling Hair | C53: Regenerator | D53: Unburden | E53: Tinted Lens | F53: Shadow Tag | G53: Tera Shell
A54: Nature | B54: Jolly | C54: Jolly | D54: Adamant | E54: Jolly | F54: Modest | G54: Modest
A55: Moves | B55: Stealth Rock | C55: Dragon Rush | D55: Close Combat | E55: First Impression | F55: Blue Flare | G55: Shell Smash
B56: Iron Head | C56: Iron Head | D56: Knock Off | E56: Leech Life | F56: Shadow Ball | G56: Tera Starstorm
B57: Metal Sound | C57: Shed Tail | D57: Stone Edge | E57: Knock Off | F57: Energy Ball | G57: Dark Pulse
B58: Memento | C58: Explosion | D58: Reversal | E58: Sucker Punch | F58: Flame Charge | G58: Muddy Water
A59: Name | B59: Cooltrainer Yoru
A60: Pokémon | B60: {=iferror(VLOOKUP(INDIRECT(ADDRESS(ROW()+1,COLUMN(), 4)),Dex!$A$2:$C335,3,false),"")} | C60: {=iferror(VLOOKUP(INDIRECT(ADDRESS(ROW()+1,COLUMN(), 4)),Dex!$A$2:$C335,3,false),"")} | D60: {=iferror(VLOOKUP(INDIRECT(ADDRESS(ROW()+1,COLUMN(), 4)),Dex!$A$2:$C335,3,false),"")} | E60: {=iferror(VLOOKUP(INDIRECT(ADDRESS(ROW()+1,COLUMN(), 4)),Dex!$A$2:$C335,3,false),"")} | F60: {=iferror(VLOOKUP(INDIRECT(ADDRESS(ROW()+1,COLUMN(), 4)),Dex!$A$2:$C335,3,false),"")} | G60: {=iferror(VLOOKUP(INDIRECT(ADDRESS(ROW()+1,COLUMN(), 4)),Dex!$A$2:$C335,3,false),"")} | H60: {=iferror(VLOOKUP("TRAINER_PIC_Cooltrainer_M",Sprites!$A$1:$B335,2,false),"")}
B61: Iron Boulder | C61: Scolipede | D61: Suicune | E61: Floette-Eternal-Mega | F61: Iron Moth | G61: Arceus-Psychic
A62: Level | B62: 97 | C62: 96 | D62: 96 | E62: 97 | F62: 97 | G62: 98
A63: Held Item | B63: Booster Energy | C63: Starf Berry | D63: Leftovers | E63: Floettite | F63: Air Balloon | G63: Mind Plate
A64: Ability | B64: Quark Drive | C64: Speed Boost | D64: Pressure | E64: Fairy Aura | F64: Quark Drive | G64: Multitype
A65: Nature | B65: Jolly | C65: Careful | D65: Bold | E65: Timid | F65: Timid | G65: Timid
A66: Moves | B66: Stealth Rock | C66: Spikes | D66: Scald | E66: Light of Ruin | F66: Quiver Dance | G66: Stored Power
B67: Mighty Cleave | C67: Megahorn | D67: Ice Beam | E67: Dark Pulse | F67: Fiery Dance | G67: Flamethrower
B68: Zen Headbutt | C68: Baton Pass | D68: Substitute | E68: Calm Mind | F68: Sludge Bomb | G68: Cosmic Power
B69: Close Combat | C69: Endure | D69: Calm Mind | E69: Baton Pass | F69: Hurricane | G69: Recover
A70: Name | B70: Expert Niklas
A71: Pokémon | B71: {=iferror(VLOOKUP(INDIRECT(ADDRESS(ROW()+1,COLUMN(), 4)),Dex!$A$2:$C335,3,false),"")} | C71: {=iferror(VLOOKUP(INDIRECT(ADDRESS(ROW()+1,COLUMN(), 4)),Dex!$A$2:$C335,3,false),"")} | D71: {=iferror(VLOOKUP(INDIRECT(ADDRESS(ROW()+1,COLUMN(), 4)),Dex!$A$2:$C335,3,false),"")} | E71: {=iferror(VLOOKUP(INDIRECT(ADDRESS(ROW()+1,COLUMN(), 4)),Dex!$A$2:$C335,3,false),"")} | F71: {=iferror(VLOOKUP(INDIRECT(ADDRESS(ROW()+1,COLUMN(), 4)),Dex!$A$2:$C335,3,false),"")} | G71: {=iferror(VLOOKUP(INDIRECT(ADDRESS(ROW()+1,COLUMN(), 4)),Dex!$A$2:$C335,3,false),"")} | H71: {=iferror(VLOOKUP("TRAINER_PIC_Expert_M",Sprites!$A$1:$B335,2,false),"")}
B72: Inteleon | C72: Hydrapple | D72: Urshifu | E72: Togekiss | F72: Hippowdon | G72: Lucario-Mega-Z
A73: Level | B73: 96 | C73: 96 | D73: 97 | E73: 98 | F73: 97 | G73: 98
A74: Held Item | B74: Water Gem | C74: Binding Band | D74: Life Orb | E74: Clear Amulet | F74: White Herb | G74: Lucarionite Z
A75: Ability | B75: Sniper | C75: Regenerator | D75: Unseen Fist | E75: Super Luck | F75: Sand Force | G75: Mega Launcher
A76: Nature | B76: Timid | C76: Modest | D76: Jolly | E76: Timid | F76: Careful | G76: Timid
A77: Moves | B77: Hydro Cannon | C77: Giga Drain | D77: Triple Kick | E77: Moonblast | F77: Headlong Rush | G77: Nasty Plot
B78: Blizzard | C78: Double Team | D78: Wicked Blow | E78: Aeroblast | F78: Ice Fang | G78: Focus Blast
B79: Whirlpool | C79: Infestation | D79: Sucker Punch | E79: Fire Blast | F79: Fire Fang | G79: Flash Cannon
B80: Screech | C80: Yawn | D80: Swords Dance | E80: Esper Wing | F80: Yawn | G80: Dark Pulse
A81: Name | B81: Kindler Kos
A82: Pokémon | B82: {=iferror(VLOOKUP(INDIRECT(ADDRESS(ROW()+1,COLUMN(), 4)),Dex!$A$2:$C335,3,false),"")} | C82: {=iferror(VLOOKUP(INDIRECT(ADDRESS(ROW()+1,COLUMN(), 4)),Dex!$A$2:$C335,3,false),"")} | D82: {=iferror(VLOOKUP(INDIRECT(ADDRESS(ROW()+1,COLUMN(), 4)),Dex!$A$2:$C335,3,false),"")} | E82: {=iferror(VLOOKUP(INDIRECT(ADDRESS(ROW()+1,COLUMN(), 4)),Dex!$A$2:$C335,3,false),"")} | F82: {=iferror(VLOOKUP(INDIRECT(ADDRESS(ROW()+1,COLUMN(), 4)),Dex!$A$2:$C335,3,false),"")} | G82: {=iferror(VLOOKUP(INDIRECT(ADDRESS(ROW()+1,COLUMN(), 4)),Dex!$A$2:$C335,3,false),"")} | H82: {=iferror(VLOOKUP("TRAINER_PIC_Kindler",Sprites!$A$1:$B335,2,false),"")}
B83: Torkoal | C83: Flutter Mane | D83: Volcarona | E83: Venusaur | F83: Aerodactyl-Mega | G83: Nidoking
A84: Level | B84: 96 | C84: 97 | D84: 98 | E84: 97 | F84: 98 | G84: 97
A85: Held Item | B85: Air Balloon | C85: Spell Tag | D85: Heavy-Duty Boots | E85: Coba Berry | F85: Aerodactylite | G85: Life Orb
A86: Ability | B86: Shell Armor | C86: Protosynthesis | D86: Flame Body | E86: Chlorophyll | F86: Tough Claws | G86: Sheer Force
A87: Nature | B87: Sassy | C87: Modest | D87: Timid | E87: Modest | F87: Jolly | G87: Timid
A88: Moves | B88: Stealth Rock | C88: Moonblast | D88: Quiver Dance | E88: Growth | F88: Head Smash | G88: Sandsear Storm
B89: Fire Blast | C89: Shadow Ball | D89: Bug Buzz | E89: Solar Beam | F89: Brave Bird | G89: Sludge Wave
B90: Solar Beam | C90: Weather Ball | D90: Fiery Dance | E90: Sludge Wave | F90: Dragon Dance | G90: Fire Blast
B91: Explosion | C91: Memento | D91: Hydro Steam | E91: Earth Power | F91: Fire Fang | G91: Blizzard
A92: Name | B92: Youngster Des
A93: Pokémon | B93: {=iferror(VLOOKUP(INDIRECT(ADDRESS(ROW()+1,COLUMN(), 4)),Dex!$A$2:$C335,3,false),"")} | C93: {=iferror(VLOOKUP(INDIRECT(ADDRESS(ROW()+1,COLUMN(), 4)),Dex!$A$2:$C335,3,false),"")} | D93: {=iferror(VLOOKUP(INDIRECT(ADDRESS(ROW()+1,COLUMN(), 4)),Dex!$A$2:$C335,3,false),"")} | E93: {=iferror(VLOOKUP(INDIRECT(ADDRESS(ROW()+1,COLUMN(), 4)),Dex!$A$2:$C335,3,false),"")} | F93: {=iferror(VLOOKUP(INDIRECT(ADDRESS(ROW()+1,COLUMN(), 4)),Dex!$A$2:$C335,3,false),"")} | G93: {=iferror(VLOOKUP(INDIRECT(ADDRESS(ROW()+1,COLUMN(), 4)),Dex!$A$2:$C335,3,false),"")} | H93: {=iferror(VLOOKUP("TRAINER_PIC_Youngster",Sprites!$A$1:$B335,2,false),"")}
B94: Deoxys-Speed | C94: Kingambit | D94: Blaziken-Mega | E94: Gholdengo | F94: Bellibolt | G94: Garchomp
A95: Level | B95: 98 | C95: 97 | D95: 98 | E95: 98 | F95: 97 | G95: 99
A96: Held Item | B96: Focus Sash | C96: Life Orb | D96: Blazikenite | E96: Air Balloon | F96: Shuca Berry | G96: Yache Berry
A97: Ability | B97: Mold Breaker | C97: Defiant | D97: Speed Boost | E97: Good as Gold | F97: Electromorphosis | G97: Rough Skin
A98: Nature | B98: Jolly | C98: Adamant | D98: Jolly | E98: Modest | F98: Calm | G98: Jolly
A99: Moves | B99: Stealth Rock | C99: Swords Dance | D99: Swords Dance | E99: Make It Rain | F99: Thunder | G99: Dragon Rush
B100: Spikes | C100: Knock Off | D100: Triple Kick | E100: Astral Barrage | F100: Muddy Water | G100: Thousand Arrows
B101: Knock Off | C101: Iron Head | D101: Pyro Ball | E101: Dazzling Gleam | F101: Thunder Wave | G101: Stone Edge
...

Sheet Pokémon League
A2: Pokémon League
A3: Name | B3: Elite Four Sidney Singles
A4: Pokémon | B4: {=iferror(VLOOKUP(INDIRECT(ADDRESS(ROW()+1,COLUMN(), 4)),Dex!$A$2:$C101,3,false),"")} | C4: {=iferror(VLOOKUP(INDIRECT(ADDRESS(ROW()+1,COLUMN(), 4)),Dex!$A$2:$C101,3,false),"")} | D4: {=iferror(VLOOKUP(INDIRECT(ADDRESS(ROW()+1,COLUMN(), 4)),Dex!$A$2:$C101,3,false),"")} | E4: {=iferror(VLOOKUP(INDIRECT(ADDRESS(ROW()+1,COLUMN(), 4)),Dex!$A$2:$C101,3,false),"")} | F4: {=iferror(VLOOKUP(INDIRECT(ADDRESS(ROW()+1,COLUMN(), 4)),Dex!$A$2:$C101,3,false),"")} | G4: {=iferror(VLOOKUP(INDIRECT(ADDRESS(ROW()+1,COLUMN(), 4)),Dex!$A$2:$C101,3,false),"")} | H4: {=iferror(VLOOKUP("TRAINER_PIC_Elite_Four_Sidney",Sprites!$A$1:$B101,2,false),"")}
B5: Greninja-Mega | C5: Overqwil | D5: Grimmsnarl | E5: Chi Yu | F5: Yveltal | G5: Kingambit
A6: Level | B6: 100 | C6: 100 | D6: 100 | E6: 100 | F6: 100 | G6: 100
A7: Held Item | B7: Greninjite | C7: Assault Vest | D7: Light Clay | E7: Heavy-Duty Boots | F7: Black Glasses | G7: Chople Berry
A8: Ability | B8: Sniper | C8: Intimidate | D8: Prankster | E8: Beads of Ruin | F8: Dark Aura | G8: Supreme Overlord
A9: Nature | B9: Timid | C9: Adamant | D9: Impish | E9: Timid | F9: Timid | G9: Brave
A10: Moves | B10: Water Shuriken | C10: Gunk Shot | D10: Reflect | E10: Flamethrower | F10: Dark Pulse | G10: Knock Off
B11: Night Daze | C11: Crunch | D11: Light Screen | E11: Fiery Wrath | F11: Oblivion Wing | G11: Sucker Punch
B12: Spikes | C12: Liquidation | D12: Spirit Break | E12: Flame Charge | F12: Heat Wave | G12: Iron Head
B13: Toxic Spikes | C13: Explosion | D13: Parting Shot | E13: Nasty Plot | F13: Disable | G13: Swords Dance
A14: Name | B14: Elite Four Sidney Doubles [Double]
A15: Pokémon | B15: {=iferror(VLOOKUP(INDIRECT(ADDRESS(ROW()+1,COLUMN(), 4)),Dex!$A$2:$C101,3,false),"")} | C15: {=iferror(VLOOKUP(INDIRECT(ADDRESS(ROW()+1,COLUMN(), 4)),Dex!$A$2:$C101,3,false),"")} | D15: {=iferror(VLOOKUP(INDIRECT(ADDRESS(ROW()+1,COLUMN(), 4)),Dex!$A$2:$C101,3,false),"")} | E15: {=iferror(VLOOKUP(INDIRECT(ADDRESS(ROW()+1,COLUMN(), 4)),Dex!$A$2:$C101,3,false),"")} | F15: {=iferror(VLOOKUP(INDIRECT(ADDRESS(ROW()+1,COLUMN(), 4)),Dex!$A$2:$C101,3,false),"")} | G15: {=iferror(VLOOKUP(INDIRECT(ADDRESS(ROW()+1,COLUMN(), 4)),Dex!$A$2:$C101,3,false),"")} | H15: {=iferror(VLOOKUP("TRAINER_PIC_Elite_Four_Sidney",Sprites!$A$1:$B101,2,false),"")}
B16: Scrafty | C16: Chien Pao | D16: Overqwil | E16: Yveltal | F16: Gyarados-Mega | G16: Kingambit
A17: Level | B17: 100 | C17: 100 | D17: 100 | E17: 100 | F17: 100 | G17: 100
A18: Held Item | B18: Covert Cloak | C18: Focus Sash | D18: Assault Vest | E18: Black Glasses | F18: Gyaradosite | G18: Chople Berry
A19: Ability | B19: Intimidate | C19: Sword of Ruin | D19: Intimidate | E19: Dark Aura | F19: Mold Breaker | G19: Supreme Overlord
A20: Nature | B20: Careful | C20: Jolly | D20: Adamant | E20: Timid | F20: Jolly | G20: Adamant
A21: Moves | B21: Fake Out | C21: Mountain Gale | D21: Gunk Shot | E21: Dark Pulse | F21: Dragon Dance | G21: Knock Off
B22: Drain Punch | C22: Throat Chop | D22: Baddy Bad | E22: Oblivion Wing | F22: Liquidation | G22: Sucker Punch
B23: Foul Play | C23: Close Combat | D23: Liquidation | E23: Heat Wave | F23: Crunch | G23: Iron Head
B24: Upper Hand | C24: Protect | D24: Icy Wind | E24: Tailwind | F24: Power Whip | G24: Low Kick
A25: Name | B25: Elite Four Phoebe Singles
A26: Pokémon | B26: {=iferror(VLOOKUP(INDIRECT(ADDRESS(ROW()+1,COLUMN(), 4)),Dex!$A$2:$C101,3,false),"")} | C26: {=iferror(VLOOKUP(INDIRECT(ADDRESS(ROW()+1,COLUMN(), 4)),Dex!$A$2:$C101,3,false),"")} | D26: {=iferror(VLOOKUP(INDIRECT(ADDRESS(ROW()+1,COLUMN(), 4)),Dex!$A$2:$C101,3,false),"")} | E26: {=iferror(VLOOKUP(INDIRECT(ADDRESS(ROW()+1,COLUMN(), 4)),Dex!$A$2:$C101,3,false),"")} | F26: {=iferror(VLOOKUP(INDIRECT(ADDRESS(ROW()+1,COLUMN(), 4)),Dex!$A$2:$C101,3,false),"")} | G26: {=iferror(VLOOKUP(INDIRECT(ADDRESS(ROW()+1,COLUMN(), 4)),Dex!$A$2:$C101,3,false),"")} | H26: {=iferror(VLOOKUP("TRAINER_PIC_Elite_Four_Phoebe",Sprites!$A$1:$B101,2,false),"")}
B27: Zoroark-Hisui | C27: Chandelure-Mega | D27: Sneasler | E27: Flutter Mane | F27: Marowak | G27: Giratina-Origin
A28: Level | B28: 100 | C28: 100 | D28: 100 | E28: 100 | F28: 100 | G28: 100
A29: Held Item | B29: Focus Sash | C29: Chandelurite | D29: Fighting Gem | E29: Booster Energy | F29: Thick Club | G29: Griseous Core
A30: Ability | B30: Illusion | C30: Technician | D30: Unburden | E30: Protosynthesis | F30: Rock Head | G30: Levitate
A31: Nature | B31: Timid | C31: Timid | D31: Jolly | E31: Timid | F31: Brave | G31: Jolly
A32: Moves | B32: Hyper Voice | C32: Fire Blast | D32: Close Combat | E32: Moongeist Beam | F32: Headlong Rush | G32: Dragon Rush
B33: Flamethrower | C33: Ominous Wind | D33: Dire Claw | E33: Moonblast | F33: Head Smash | G33: Iron Tail
B34: Grass Knot | C34: Energy Ball | D34: Knock Off | E34: Mystical Fire | F34: Ice Spinner | G34: Aqua Tail
B35: Memento | C35: Hidden Power Bug | D35: Swords Dance | E35: Calm Mind | F35: Curse | G35: Dragon Dance
A36: Name | B36: Elite Four Phoebe Doubles [Double]
A37: Pokémon | B37: {=iferror(VLOOKUP(INDIRECT(ADDRESS(ROW()+1,COLUMN(), 4)),Dex!$A$2:$C101,3,false),"")} | C37: {=iferror(VLOOKUP(INDIRECT(ADDRESS(ROW()+1,COLUMN(), 4)),Dex!$A$2:$C101,3,false),"")} | D37: {=iferror(VLOOKUP(INDIRECT(ADDRESS(ROW()+1,COLUMN(), 4)),Dex!$A$2:$C101,3,false),"")} | E37: {=iferror(VLOOKUP(INDIRECT(ADDRESS(ROW()+1,COLUMN(), 4)),Dex!$A$2:$C101,3,false),"")} | F37: {=iferror(VLOOKUP(INDIRECT(ADDRESS(ROW()+1,COLUMN(), 4)),Dex!$A$2:$C101,3,false),"")} | G37: {=iferror(VLOOKUP(INDIRECT(ADDRESS(ROW()+1,COLUMN(), 4)),Dex!$A$2:$C101,3,false),"")} | H37: {=iferror(VLOOKUP("TRAINER_PIC_Elite_Four_Phoebe",Sprites!$A$1:$B101,2,false),"")}
B38: Infernape | C38: Gengar-Mega | D38: Sinistcha | E38: Calyrex-Shadow | F38: Marowak | G38: Flutter Mane
A39: Level | B39: 100 | C39: 100 | D39: 100 | E39: 100 | F39: 100 | G39: 100
A40: Held Item | B40: Eject Pack | C40: Gengarite | D40: Lax Inscense | E40: Ghost Gem | F40: Thick Club | G40: Booster Energy
A41: Ability | B41: Blaze | C41: Shadow Tag | D41: Hospitality | E41: As One | F41: Rock Head | G41: Protosynthesis
A42: Nature | B42: Hasty | C42: Timid | D42: Calm | E42: Timid | F42: Brave | G42: Timid
A43: Moves | B43: Fake Out | C43: Sludge Bomb | D43: Shadow Ball | E43: Astral Barrage | F43: Fake Out | G43: Moongeist Beam
B44: Overheat | C44: Ominous Wind | D44: Matcha Gotcha | E44: Luster Purge | F44: Headlong Rush | G44: Moonblast
B45: Close Combat | C45: Focus Blast | D45: Rage Powder | E45: Substitute | F45: Head Smash | G45: Dazzling Gleam
B46: Upper Hand | C46: Wide Guard | D46: Ally Switch | E46: Future Sight | F46: Sucker Punch | G46: Icy Wind
A47: Name | B47: Elite Four Rival Singles
A48: Pokémon | B48: {=iferror(VLOOKUP(INDIRECT(ADDRESS(ROW()+1,COLUMN(), 4)),Dex!$A$2:$C101,3,false),"")} | C48: {=iferror(VLOOKUP(INDIRECT(ADDRESS(ROW()+1,COLUMN(), 4)),Dex!$A$2:$C101,3,false),"")} | D48: {=iferror(VLOOKUP(INDIRECT(ADDRESS(ROW()+1,COLUMN(), 4)),Dex!$A$2:$C101,3,false),"")} | E48: {=iferror(VLOOKUP(INDIRECT(ADDRESS(ROW()+1,COLUMN(), 4)),Dex!$A$2:$C101,3,false),"")} | F48: {=iferror(VLOOKUP(INDIRECT(ADDRESS(ROW()+1,COLUMN(), 4)),Dex!$A$2:$C101,3,false),"")} | G48: {=iferror(VLOOKUP(INDIRECT(ADDRESS(ROW()+1,COLUMN(), 4)),Dex!$A$2:$C101,3,false),"")} | H48: {=iferror(VLOOKUP("TRAINER_PIC_E4_Brendan",Sprites!$A$1:$B101,2,false),"")}
B49: Samurott-Hisui | C49: Ogerpon-Hearthflame | D49: Great Tusk | E49: Silvally-Flying | F49: Mewtwo | G49: Lucario-Mega
A50: Level | B50: 100 | C50: 100 | D50: 100 | E50: 100 | F50: 100 | G50: 100
A51: Held Item | B51: Focus Sash | C51: Hearthflame Mask | D51: Leftovers | E51: Flying Memory | F51: Heavy-Duty Boots | G51: Lucarionite
A52: Ability | B52: Sharpness | C52: Mold Breaker | D52: Protosynthesis | E52: RKS System | F52: Unnerve | G52: Adaptability | H52: {=IFERROR(VLOOKUP("TRAINER_PIC_E4_May",Sprites!$A$1:$B101,2,FALSE),"")}
A53: Nature | B53: Jolly | C53: Jolly | D53: Jolly | E53: Jolly | F53: Timid | G53: Naive
A54: Moves | B54: Ceaseless Edge | C54: Ivy Cudgel | D54: Headlong Rush | E54: Multi-Attack | F54: Psystrike | G54: Focus Blast
B55: Razor Shell | C55: Wood Hammer | D55: Close Combat | E55: Earthquake | F55: Ice Beam | G55: Meteor Mash
B56: X-Scissor | C56: Stomping Tantrum | D56: Stone Edge | E56: Flame Charge | F56: Flamethrower | G56: Bullet Punch
B57: Aqua Jet | C57: Swords Dance | D57: Stealth Rock | E57: Swords Dance | F57: Energy Ball | G57: Crunch
A58: Name | B58: Elite Four Rival Doubles [Double]
A59: Pokémon | B59: {=iferror(VLOOKUP(INDIRECT(ADDRESS(ROW()+1,COLUMN(), 4)),Dex!$A$2:$C101,3,false),"")} | C59: {=iferror(VLOOKUP(INDIRECT(ADDRESS(ROW()+1,COLUMN(), 4)),Dex!$A$2:$C101,3,false),"")} | D59: {=iferror(VLOOKUP(INDIRECT(ADDRESS(ROW()+1,COLUMN(), 4)),Dex!$A$2:$C101,3,false),"")} | E59: {=iferror(VLOOKUP(INDIRECT(ADDRESS(ROW()+1,COLUMN(), 4)),Dex!$A$2:$C101,3,false),"")} | F59: {=iferror(VLOOKUP(INDIRECT(ADDRESS(ROW()+1,COLUMN(), 4)),Dex!$A$2:$C101,3,false),"")} | G59: {=iferror(VLOOKUP(INDIRECT(ADDRESS(ROW()+1,COLUMN(), 4)),Dex!$A$2:$C101,3,false),"")} | H59: {=iferror(VLOOKUP("TRAINER_PIC_E4_Brendan",Sprites!$A$1:$B101,2,false),"")}
B60: Iron Hands | C60: Ogerpon-Wellspring | D60: Incineroar | E60: Silvally-Fairy | F60: Mewtwo | G60: Lucario-Mega
A61: Level | B61: 100 | C61: 100 | D61: 100 | E61: 100 | F61: 100 | G61: 100
A62: Held Item | B62: Assault Vest | C62: Wellspring Mask | D62: Covert Cloak | E62: Fairy Memory | F62: Life Orb | G62: Lucarionite
A63: Ability | B63: Quark Drive | C63: Water Absorb | D63: Intimidate | E63: RKS System | F63: Unnerve | G63: Adaptability | H63: {=IFERROR(VLOOKUP("TRAINER_PIC_E4_May",Sprites!$A$1:$B101,2,FALSE),"")}
A64: Nature | B64: Brave | C64: Jolly | D64: Careful | E64: Hasty | F64: Timid | G64: Naive
A65: Moves | B65: Fake Out | C65: Follow Me | D65: Fake Out | E65: Multi-Attack | F65: Psystrike | G65: Focus Blast
B66: Close Combat | C66: Ivy Cudgel | D66: Knock Off | E66: Flamethrower | F66: Focus Blast | G66: Meteor Mash
B67: Plasma Fists | C67: Wood Hammer | D67: Blaze Kick | E67: Parting Shot | F67: Blizzard | G67: Dark Pulse
B68: Ice Punch | C68: Spiky Shield | D68: Feint | E68: Tailwind | F68: Ally Switch | G68: Coaching
A69: Name | B69: Elite Four Drake Singles
A70: Pokémon | B70: {=iferror(VLOOKUP(INDIRECT(ADDRESS(ROW()+1,COLUMN(), 4)),Dex!$A$2:$C101,3,false),"")} | C70: {=iferror(VLOOKUP(INDIRECT(ADDRESS(ROW()+1,COLUMN(), 4)),Dex!$A$2:$C101,3,false),"")} | D70: {=iferror(VLOOKUP(INDIRECT(ADDRESS(ROW()+1,COLUMN(), 4)),Dex!$A$2:$C101,3,false),"")} | E70: {=iferror(VLOOKUP(INDIRECT(ADDRESS(ROW()+1,COLUMN(), 4)),Dex!$A$2:$C101,3,false),"")} | F70: {=iferror(VLOOKUP(INDIRECT(ADDRESS(ROW()+1,COLUMN(), 4)),Dex!$A$2:$C101,3,false),"")} | G70: {=iferror(VLOOKUP(INDIRECT(ADDRESS(ROW()+1,COLUMN(), 4)),Dex!$A$2:$C101,3,false),"")} | H70: {=iferror(VLOOKUP("TRAINER_PIC_Elite_Four_Drake",Sprites!$A$1:$B101,2,false),"")}
B71: Aerodactyl | C71: Gouging Fire | D71: Dialga | E71: Primarina | F71: Roaring Moon | G71: Dragonite-Mega
A72: Level | B72: 100 | C72: 100 | D72: 100 | E72: 100 | F72: 100 | G72: 100
A73: Held Item | B73: Focus Sash | C73: Heavy-Duty Boots | D73: Adamant Orb | E73: Throat Spray | F73: Chople Berry | G73: Dragoninite
A74: Ability | B74: Rock Head | C74: Protosynthesis | D74: Pressure | E74: Torrent | F74: Protosynthesis | G74: No Guard
A75: Nature | B75: Jolly | C75: Jolly | D75: Timid | E75: Modest | F75: Jolly | G75: Timid
A76: Moves | B76: Head Smash | C76: Dragon Dance | D76: Dragon Pulse | E76: Sparkling Aria | F76: Dragon Dance | G76: Draco Meteor
B77: Brave Bird | C77: Outrage | D77: Flash Cannon | E77: Alluring Voice | F77: Jaw Lock | G77: Hurricane
B78: Earthquake | C78: Flare Blitz | D78: Aura Sphere | E78: Eerie Spell | F78: Dragon Claw | G78: Fire Blast
B79: Stealth Rock | C79: Earthquake | D79: Thunder Wave | E79: Sing | F79: Iron Head | G79: Whirlpool
A80: Name | B80: Elite Four Drake Doubles [Double]
A81: Pokémon | B81: {=iferror(VLOOKUP(INDIRECT(ADDRESS(ROW()+1,COLUMN(), 4)),Dex!$A$2:$C101,3,false),"")} | C81: {=iferror(VLOOKUP(INDIRECT(ADDRESS(ROW()+1,COLUMN(), 4)),Dex!$A$2:$C101,3,false),"")} | D81: {=iferror(VLOOKUP(INDIRECT(ADDRESS(ROW()+1,COLUMN(), 4)),Dex!$A$2:$C101,3,false),"")} | E81: {=iferror(VLOOKUP(INDIRECT(ADDRESS(ROW()+1,COLUMN(), 4)),Dex!$A$2:$C101,3,false),"")} | F81: {=iferror(VLOOKUP(INDIRECT(ADDRESS(ROW()+1,COLUMN(), 4)),Dex!$A$2:$C101,3,false),"")} | G81: {=iferror(VLOOKUP(INDIRECT(ADDRESS(ROW()+1,COLUMN(), 4)),Dex!$A$2:$C101,3,false),"")} | H81: {=iferror(VLOOKUP("TRAINER_PIC_Elite_Four_Drake",Sprites!$A$1:$B101,2,false),"")}
B82: Sceptile | C82: Miraidon | D82: Kingdra | E82: Tyranitar | F82: Arcanine | G82: Salamence-Mega
A83: Level | B83: 100 | C83: 100 | D83: 100 | E83: 100 | F83: 100 | G83: 100
A84: Held Item | B84: Electric Seed | C84: Focus Sash | D84: Covert Cloak | E84: Iapapa Berry | F84: Life Orb | G84: Salamencite
A85: Ability | B85: Unburden | C85: Hadron Engine | D85: Sniper | E85: Intimidate | F85: Intimidate | G85: Aerilate
A86: Nature | B86: Timid | C86: Timid | D86: Modest | E86: Adamant | F86: Jolly | G86: Naive
A87: Moves | B87: Energy Ball | C87: Electro Drift | D87: Draco Meteor | E87: Rock Slide | F87: Flare Blitz | G87: Hyper Voice
B88: Terrain Pulse | C88: Dragon Pulse | D88: Hydro Pump | E88: Knock Off | F88: Iron Tail | G88: Heat Wave
B89: Shed Tail | C89: Overheat | D89: Ice Beam | E89: Heavy Slam | F89: Outrage | G89: Dragon Rush
B90: Upper Hand | C90: Flash Cannon | D90: Terrain Pulse | E90: Helping Hand | F90: Wild Charge | G90: Iron Head
A91: Name | B91: Champion Wallace
A92: Pokémon | B92: {=iferror(VLOOKUP(INDIRECT(ADDRESS(ROW()+1,COLUMN(), 4)),Dex!$A$2:$C101,3,false),"")} | C92: {=iferror(VLOOKUP(INDIRECT(ADDRESS(ROW()+1,COLUMN(), 4)),Dex!$A$2:$C101,3,false),"")} | D92: {=iferror(VLOOKUP(INDIRECT(ADDRESS(ROW()+1,COLUMN(), 4)),Dex!$A$2:$C101,3,false),"")} | E92: {=iferror(VLOOKUP(INDIRECT(ADDRESS(ROW()+1,COLUMN(), 4)),Dex!$A$2:$C101,3,false),"")} | F92: {=iferror(VLOOKUP(INDIRECT(ADDRESS(ROW()+1,COLUMN(), 4)),Dex!$A$2:$C101,3,false),"")} | G92: {=iferror(VLOOKUP(INDIRECT(ADDRESS(ROW()+1,COLUMN(), 4)),Dex!$A$2:$C101,3,false),"")} | H92: {=iferror(VLOOKUP("TRAINER_PIC_Champion_Wallace",Sprites!$A$1:$B101,2,false),"")}
B93: Palkia-Origin | C93: Dhelmise | D93: Genesect | E93: Diancie-Mega | F93: Volcanion | G93: Milotic
A94: Level | B94: 100 | C94: 100 | D94: 100 | E94: 100 | F94: 100 | G94: 100 (Burn)
A95: Held Item | B95: Lustrous Globe | C95: Colbur Berry | D95: Douse Drive | E95: Diancite | F95: Assault Vest | G95: Power Herb
A96: Ability | B96: Pressure | C96: Steelworker | D96: Download | E96: Magic Bounce | F96: Water Absorb | G96: Marvel Scale
A97: Nature | B97: Timid | C97: Adamant | D97: Naive | E97: Naive | F97: Modest | G97: Modest
A98: Moves | B98: Spacial Rend | C98: Power Whip | D98: Techno Blast | E98: Work Up | F98: Steam Eruption | G98: Geomancy
B99: Hydro Pump | C99: Spirit Shackle | D99: Flash Cannon | E99: Diamond Storm | F99: Heat Wave | G99: Origin Pulse
B100: Fire Blast | C100: Anchor Shot | D100: U-Turn | E100: Moonblast | F100: Ice Beam | G100: Thunderbolt
B101: Earth Power | C101: Knock Off | D101: Extreme Speed | E101: Earth Power | F101: Explosion | G101: Blizzard
